power,torque,acceleration,fuel_economy,engine_size,weight,length,width,height,horsepower,displacement,price
159.27,577.82,73.2,13.98,1.62,811.99,3.17,2.3,1.6,312.42,1082.34,97592.79
262.3,245.55,18.18,7.75,2.22,1549.51,4.3,1.44,1.61,141.85,2168.58,49308.95
177.62,503.33,19.97,12.71,3.37,592.9,4.82,1.26,1.07,384.67,4862.53,84671.79
143.54,193.95,68.42,11.6,1.49,1490.35,3.1,2.36,1.26,298.76,2246.84,61605.44
198.01,233.18,96.96,16.63,4.76,2289.65,4.79,2.38,1.09,158.79,1180.91,46026.43
162.45,272.11,82.87,10.35,2.12,1585.39,3.42,2.2,1.07,396.07,4088.98,35897.25
76.24,516.96,70.69,15.94,4.09,648.09,4.08,1.17,1.86,286.99,2323.59,25084.67
144.97,296.33,72.96,14.56,4.55,1444.43,3.36,2.07,1.76,268.38,4083.87,59503.65
192.61,342.39,2.54,6.62,1.13,1772.82,3.94,1.76,1.91,174.79,2641.53,80444.09
126.48,184.64,28.98,7.42,4.72,2116.24,4.9,2.31,1.8,155.97,4570.24,63147.38
256.67,553.24,31.8,6.65,1.91,1354.22,5.45,2.29,1.01,253.22,2669.64,37768.62
101.97,301.93,94.29,9.85,3.08,1906.04,4.09,2.46,1.96,175.53,2988.99,44070.26
139.09,166.6,60.96,12.54,1.21,1057.29,5.72,1.36,1.14,246.84,4942.6,39364.42
226.23,492.73,23.76,15.92,2.47,1764.61,4.9,1.8,1.09,350.59,2283.12,34921.48
84.17,415.9,67.76,5.25,3.05,952.99,4.94,1.26,1.69,216.02,4746.92,31001.68
151.74,201.06,92.47,18.16,2.03,1819.97,5.45,1.83,1.53,172.56,1372.41,91777.26
277.59,434.9,33.9,10.24,3.9,2294.22,5.66,2.17,1.64,125.24,1646.51,91884.34
211.45,154.14,10.15,14.95,1.02,821.62,4.65,2.04,1.65,167.28,3848.72,38979.93
148.21,485.92,64.96,17.74,3.63,1636.62,3.28,1.55,1.27,173.2,4892.04,51447.82
275.71,434.01,79.48,12.54,3.31,1485.04,3.59,2.08,1.28,107.29,3581.89,34168.85
286.6,579.27,91.49,10.55,1.06,2356.64,4.28,2.45,1.96,355.9,2177.8,50807.82
266.51,292.61,16.95,13.35,4.74,1892.06,4.71,1.15,1.62,397.02,1560.34,61466.37
272.41,483.35,69.7,15.54,2.44,1087.18,5.43,2.22,1.87,373.97,3045.37,60121.3
254.62,442.48,70.2,16.94,4.56,1175.99,4.13,1.14,1.58,110.78,2862.39,63411.57
139.47,415.87,3.05,5.56,4.29,1220.38,3.38,1.78,1.77,164.75,3491.56,26827.8
86.63,389.11,54.06,14.56,3.9,2451.7,4.55,1.48,1.8,181.25,2755.89,26276.51
80.7,583.19,83.6,15.44,2.64,846.59,3.47,1.38,1.55,314.38,3640.79,42394.71
289.84,482.05,55.44,14.18,2.68,995.46,4.07,2.14,1.01,134.82,1184.01,23258.3
267.48,466.65,47.42,6.47,2.97,1446.94,3.52,1.65,1.4,284.76,3540.37,23624.32
159.29,431.64,50.31,17.85,3.63,825.87,3.21,1.96,1.03,275.73,4760.92,66037.93
162.34,439.48,45.83,13.18,4.77,1272.21,5.88,2.36,1.2,120.81,1403.11,21457.75
96.25,457.35,7.12,9.78,4.38,546.54,5.44,1.42,1.12,309.02,3515.77,90197.76
240.39,511.57,28.2,7.66,4.0,2113.67,5.97,1.62,1.37,332.92,2363.21,94460.59
268.14,343.05,75.09,16.32,1.41,2305.11,4.52,2.24,1.32,368.66,2556.81,20867.01
278.71,191.08,31.93,19.25,4.8,1646.88,4.9,1.67,1.29,198.6,3690.07,80189.96
253.11,505.33,9.12,12.42,1.23,1599.06,4.32,2.33,1.35,135.12,1571.97,80920.85
214.1,195.51,8.41,15.51,1.29,2143.72,5.12,1.12,1.08,395.99,2497.08,49651.37
257.88,576.26,98.6,16.3,2.51,667.0,5.33,1.84,1.42,371.91,1444.79,59410.01
77.55,360.9,5.63,6.78,1.47,1798.42,5.24,1.88,1.96,212.46,2142.85,89487.93
125.31,583.45,1.22,19.55,1.17,2282.29,4.58,2.49,1.07,266.16,4877.21,61847.83
216.61,463.09,45.45,14.41,3.34,2302.32,3.14,1.42,1.95,367.08,2822.63,69610.61
137.41,234.65,46.37,10.3,3.33,655.47,5.92,2.48,1.7,260.83,2238.11,85103.6
229.06,223.18,91.09,17.34,4.8,1951.44,4.84,1.63,1.93,359.82,1180.87,22109.36
159.7,514.75,98.73,7.26,3.38,1261.78,5.91,2.26,1.84,240.61,2659.28,41872.57
87.68,539.13,81.29,20.0,4.99,1610.86,5.31,2.42,1.85,174.2,2802.18,30332.75
289.66,422.78,22.86,15.08,3.47,1216.33,3.34,2.01,1.52,331.7,3080.65,88174.52
199.18,402.42,87.67,11.05,1.54,557.57,5.27,1.93,1.7,163.89,1545.49,21163.57
153.88,415.46,39.22,11.56,4.62,1196.51,4.54,2.18,1.4,286.63,4449.45,95961.65
108.09,566.96,49.21,8.87,2.84,2460.07,4.48,1.49,1.63,172.04,1303.45,30310.38
103.81,218.36,13.88,14.61,1.73,1191.33,5.69,1.71,1.67,151.7,1769.16,23269.49
113.01,275.37,17.7,6.33,1.48,1421.56,3.62,1.55,1.5,307.12,1157.25,83952.83
216.28,186.79,87.36,18.81,1.24,1053.76,5.42,2.12,1.18,162.8,2481.89,58761.84
214.11,316.01,46.25,16.21,1.15,1004.87,5.14,2.34,1.51,259.63,1428.69,55792.99
194.84,259.11,26.92,10.66,1.08,1144.16,3.63,1.49,1.12,367.16,3374.37,74328.19
252.56,374.3,8.69,13.06,3.35,1990.88,4.29,1.19,1.28,208.92,3583.67,65662.26
155.12,593.93,60.58,8.56,1.41,805.72,3.74,1.24,1.19,185.53,1693.49,91741.23
93.05,386.03,41.04,19.74,1.45,1295.71,5.91,2.3,1.82,177.37,1683.55,73491.46
284.11,400.54,57.16,9.2,4.08,874.09,3.97,1.64,1.51,172.72,1459.35,68849.6
139.94,411.56,15.44,12.22,3.13,603.65,4.01,1.2,1.06,396.99,2289.42,84789.96
132.29,456.68,76.02,13.93,2.89,1323.68,4.05,2.39,1.83,389.51,1497.19,78469.4
286.13,231.55,6.65,16.12,3.3,2183.66,3.42,2.19,1.2,149.1,1657.06,85165.98
224.67,385.38,35.88,18.16,2.57,2133.2,4.32,1.57,1.46,190.41,3990.44,60217.63
127.25,554.81,38.39,13.15,4.63,1748.48,3.35,2.41,1.63,200.47,1557.09,83522.02
214.52,390.06,89.39,16.83,1.61,1123.44,3.75,2.12,1.03,270.97,4049.83,90141.25
151.97,519.57,11.06,17.7,1.51,1294.57,5.39,1.22,1.23,316.68,3880.15,71291.81
231.14,394.23,25.18,10.19,1.73,2316.9,4.75,1.6,1.46,384.19,1613.41,66898.39
188.82,425.15,1.81,18.08,4.73,1630.27,5.09,2.38,1.71,145.76,3305.15,68537.2
170.43,481.4,93.44,18.88,2.8,726.48,5.95,2.26,1.12,376.25,4479.59,61507.04
208.04,329.55,5.48,10.03,4.21,509.26,4.0,1.6,1.54,375.96,2385.38,47756.26
240.94,353.5,22.46,11.79,1.56,852.77,4.5,1.63,1.91,208.72,3322.35,70581.14
77.95,448.59,17.8,19.42,1.59,1329.25,3.26,2.5,1.5,278.62,1268.31,79996.84
122.23,554.12,20.51,7.86,1.15,1444.13,4.69,1.1,1.78,235.99,3097.56,55261.02
165.17,401.84,15.52,7.73,4.45,2392.23,4.12,1.41,1.64,222.62,1101.55,32492.21
236.09,446.52,2.71,8.33,1.92,1843.79,3.06,1.16,1.8,153.56,3610.98,39054.62
97.37,259.43,72.23,17.84,4.32,1294.37,5.0,1.31,1.29,368.9,1052.01,26840.68
121.77,161.94,18.14,13.75,2.69,2285.34,5.45,1.51,1.26,213.91,3361.18,41445.09
215.43,334.24,55.2,11.54,2.18,2396.91,5.29,1.21,1.87,246.23,4578.21,83988.42
170.67,160.11,26.87,13.12,3.53,1015.78,3.42,2.25,1.98,257.71,1686.72,41784.59
79.14,561.43,11.78,13.65,2.1,1608.36,4.95,2.24,1.21,103.3,1547.54,92001.49
271.63,418.84,60.05,14.98,1.7,2328.82,4.26,1.57,1.52,114.09,1665.13,79042.69
93.63,421.42,24.53,10.84,2.15,1211.35,5.16,1.45,1.57,242.82,3654.68,94946.38
239.83,246.72,3.12,8.93,3.38,602.85,4.49,1.9,1.33,331.27,1426.39,26011.02
238.84,372.97,68.84,11.52,1.99,2138.2,5.4,2.04,1.27,277.07,2443.9,27326.57
281.4,211.57,95.02,11.69,1.74,1583.8,5.62,2.1,1.81,297.64,3769.11,87935.65
131.18,370.24,22.12,19.82,4.78,578.85,5.12,2.39,1.18,270.38,4661.95,22715.68
231.92,283.81,92.44,19.57,4.78,1448.43,5.59,2.27,1.32,348.67,1148.03,67701.59
126.75,204.26,7.7,15.44,2.36,1949.53,3.2,1.47,1.54,337.22,2275.01,70071.31
274.34,427.14,23.3,5.37,4.48,542.54,5.62,1.79,1.94,339.63,4991.74,48056.95
247.62,330.87,47.99,14.41,4.49,2468.17,5.3,1.63,1.42,321.27,1955.11,28837.93
154.79,279.26,29.63,8.5,1.17,535.75,5.96,1.64,1.38,303.89,1873.02,95996.89
251.93,190.23,41.76,18.19,4.78,1434.8,4.84,1.25,1.99,169.5,4770.93,71971.73
211.74,380.71,23.07,7.65,1.88,872.88,5.34,1.53,1.06,390.73,4535.14,94220.18
298.85,228.25,39.62,16.37,3.78,807.79,5.45,1.34,1.22,261.09,3371.76,66406.9
95.58,544.86,26.56,6.94,4.55,2411.3,5.59,2.21,1.66,265.26,1347.95,52676.26
158.85,266.89,72.34,12.44,1.32,940.37,5.05,1.11,1.85,248.54,2922.35,67392.62
260.55,306.51,67.8,13.49,2.07,2257.26,5.39,1.99,1.85,360.19,3833.45,86961.07
231.93,456.06,61.86,16.29,1.63,2261.74,5.62,1.04,1.83,138.66,2340.48,79480.66
111.17,518.09,83.21,12.61,1.03,1074.08,4.85,2.47,1.63,177.94,3536.02,63198.83
250.47,198.14,76.1,13.12,4.85,1183.74,4.9,2.4,1.1,381.17,3751.54,25426.96
142.72,468.68,6.74,13.73,2.38,1741.83,3.14,2.31,1.97,390.66,3998.61,30406.9
245.61,161.06,2.21,9.85,2.95,2040.81,5.05,1.67,1.27,399.14,2704.73,56110.96
111.82,507.66,69.37,8.31,1.33,1861.0,4.96,1.41,1.95,145.32,2729.34,95489.27
169.44,437.34,39.76,9.11,4.94,1318.67,5.68,1.34,1.21,109.34,3606.67,49482.11
269.48,362.94,96.82,7.78,4.47,2053.19,5.31,2.27,1.76,287.87,1524.98,22602.09
282.19,427.49,79.65,12.22,1.47,750.37,5.06,1.65,1.2,247.48,1256.84,66557.71
135.52,508.9,31.04,11.83,1.05,644.89,4.18,1.72,1.6,187.5,3779.93,88809.79
250.47,167.83,48.05,6.57,1.97,2473.33,3.43,1.75,1.62,310.74,3238.59,20781.67
148.45,382.97,8.79,10.26,1.13,657.16,4.19,1.2,1.57,306.84,4202.35,36012.02
112.68,197.06,63.64,15.6,1.13,2372.42,3.16,1.81,1.71,361.29,3856.35,84138.25
151.38,516.67,8.01,18.42,3.19,2134.6,4.36,1.97,1.53,319.48,1326.52,24828.17
130.6,221.8,87.18,8.29,4.9,1173.79,3.55,2.18,1.66,249.46,3221.45,77536.14
126.4,598.35,97.48,14.75,1.8,1860.46,3.22,1.05,1.26,238.79,4473.09,78173.53
242.11,341.47,34.59,10.57,4.95,580.22,5.6,1.87,1.44,317.58,2946.68,89873.86
277.66,339.77,27.68,13.89,4.65,921.32,4.87,1.95,1.73,139.47,3863.3,92722.6
115.43,256.89,97.14,7.71,4.42,1484.56,3.74,2.31,1.45,254.45,2436.93,67436.07
111.79,325.99,96.94,8.87,3.63,1150.38,5.32,1.2,1.97,236.14,1944.2,25879.74
113.2,383.9,33.7,17.43,2.72,997.43,4.85,2.06,1.17,150.29,1146.69,78912.16
224.36,363.58,84.42,17.09,3.34,2236.54,3.62,1.17,1.27,117.13,3124.68,94928.46
83.85,204.95,45.22,19.01,2.26,1514.47,3.12,1.22,1.99,389.54,1019.76,96144.94
218.8,540.56,45.47,12.73,2.96,1833.73,3.42,1.04,1.31,311.4,1807.41,73874.59
293.23,192.26,67.26,11.66,4.47,854.3,5.08,2.26,1.94,304.97,2988.7,69427.78
270.5,406.77,3.04,18.96,3.76,1853.03,3.65,1.99,1.39,295.37,1426.37,72627.62
299.87,171.7,97.72,11.1,4.48,2064.77,4.7,2.11,1.88,221.24,2308.13,73407.47
256.77,493.03,79.78,11.53,4.27,740.42,4.63,1.01,1.32,209.94,2584.69,75637.38
162.43,351.91,23.75,10.6,1.91,646.39,4.81,2.0,1.62,239.05,2519.14,89066.69
191.79,365.63,2.56,10.12,2.52,1297.65,4.74,1.8,1.61,329.46,4251.94,77449.85
289.99,158.2,19.58,5.11,3.59,2296.06,3.73,2.39,1.06,380.33,2406.49,28113.67
184.32,265.55,28.49,9.61,4.21,1578.32,3.93,1.92,1.72,181.79,2654.2,29750.89
115.76,456.5,18.14,12.88,3.84,713.75,4.7,1.38,1.96,245.06,4223.97,64018.12
84.77,434.92,95.14,14.02,4.28,2268.41,3.68,1.32,1.61,223.31,4359.45,92001.85
154.52,256.59,78.05,9.12,4.29,1347.48,5.0,1.14,1.62,235.53,3346.43,33441.14
240.8,538.26,21.67,6.44,1.09,1783.94,4.82,1.82,1.23,217.27,3377.91,59741.35
297.25,211.4,69.51,11.06,2.71,1935.2,5.08,2.49,1.13,131.23,3897.36,66270.95
136.69,185.74,8.57,18.41,1.77,1146.74,3.68,1.53,1.07,255.72,1270.45,84028.52
127.59,393.01,88.01,14.76,3.13,1148.67,4.0,2.0,1.99,298.55,3231.13,78452.04
179.67,177.06,56.23,19.36,1.7,1880.01,3.6,1.8,1.1,235.11,4024.65,47805.72
224.61,507.95,92.72,8.52,2.6,804.83,5.98,2.39,1.54,352.61,3083.83,69886.86
95.05,489.87,12.77,17.39,4.13,1917.49,3.11,1.45,1.26,208.04,1350.57,94956.63
199.61,287.49,39.7,11.71,3.4,1531.36,5.76,1.75,1.99,355.43,1834.04,94447.62
101.18,517.85,38.06,18.17,4.47,2111.85,5.37,1.46,1.08,220.89,1694.1,75596.09
152.87,589.02,64.1,17.34,1.53,2224.03,5.77,1.73,1.61,329.44,1699.35,60205.29
164.7,215.87,36.75,6.02,1.1,770.33,5.89,1.82,1.97,229.75,2247.26,60491.35
173.89,197.55,64.08,8.24,3.48,1800.4,3.46,1.09,1.78,237.94,1232.66,99589.31
88.0,462.77,98.37,8.59,1.57,742.77,3.91,1.15,1.69,118.69,3037.69,99735.75
258.14,426.85,30.63,14.36,3.11,1352.17,3.39,2.33,1.45,158.39,2471.04,53130.38
261.2,480.13,76.93,5.17,2.66,1462.69,3.06,1.39,1.76,141.13,3141.24,37216.15
77.73,258.54,97.59,17.02,4.84,1475.71,3.33,1.82,1.45,353.31,1392.33,59059.29
108.76,296.1,73.74,12.14,2.5,1288.95,4.38,2.18,1.89,386.6,4147.61,45232.55
229.83,346.92,25.47,17.61,1.15,2303.52,4.38,1.96,1.66,368.54,3546.68,69114.69
90.0,383.28,15.02,16.06,3.05,1860.46,3.13,1.13,1.72,121.63,1285.03,20968.68
290.21,481.88,35.33,9.45,2.4,2049.31,4.98,1.28,1.17,129.52,3641.21,81149.81
134.64,159.43,8.22,19.52,2.18,2038.45,4.87,1.57,1.21,136.42,3460.05,81970.7
219.88,388.64,4.2,19.53,4.19,1085.64,5.94,1.9,1.58,324.42,4247.08,72518.29
103.82,302.22,92.81,8.37,2.49,1364.15,4.32,1.92,1.94,172.21,1486.01,35797.64
274.56,440.61,28.59,17.24,4.45,2193.03,5.76,1.38,1.76,238.16,4367.99,78279.25
249.7,445.27,17.74,13.18,4.94,2374.78,3.13,1.25,1.13,317.79,4271.14,37080.91
188.82,528.32,73.28,13.13,3.36,1516.72,3.89,1.85,1.69,362.0,3545.17,80889.72
111.02,357.7,0.93,8.7,3.91,2483.62,3.3,1.6,1.8,161.21,3220.34,78645.7
213.6,234.61,35.54,16.76,3.22,510.46,5.28,1.05,1.75,160.74,4832.29,49435.26
148.56,217.0,30.56,18.15,4.99,1236.62,4.35,2.08,1.89,277.91,2566.1,53009.75
231.51,151.45,61.96,10.33,4.18,685.98,4.76,1.72,1.64,119.46,3319.94,64918.77
201.15,421.57,67.65,17.07,2.08,2150.1,4.49,1.12,1.06,200.27,4139.59,76614.47
252.44,382.77,44.02,7.21,2.31,1368.04,3.27,1.33,1.6,320.7,4993.39,94649.07
219.58,339.56,63.62,16.78,1.47,1319.81,5.52,1.58,1.57,276.33,1737.91,48978.84
150.27,161.79,2.42,17.48,2.09,1536.16,3.9,2.41,1.26,228.9,4490.92,87354.69
116.87,511.19,45.82,12.24,1.53,661.2,5.18,1.74,1.44,318.85,4062.05,32712.65
212.3,210.91,75.14,14.85,4.83,637.92,3.17,1.42,1.26,174.09,4625.02,39963.7
136.19,491.73,44.97,16.65,1.26,1475.14,3.1,1.09,1.91,141.77,3129.68,52887.65
153.15,554.93,2.18,14.96,4.85,1620.34,5.81,1.08,1.42,178.05,3923.28,98503.77
132.72,444.38,19.81,13.48,2.86,2444.01,4.83,1.52,1.11,145.37,1901.27,40077.33
266.39,402.55,52.34,6.72,4.44,1945.63,3.2,2.06,1.54,124.52,2833.2,58775.7
112.3,575.56,85.0,15.04,2.85,1323.53,4.95,1.82,1.06,253.75,4225.61,56739.19
86.69,503.83,20.14,8.88,1.66,1160.43,5.27,1.78,1.2,363.35,4518.33,89646.27
128.73,353.06,98.5,16.58,1.11,630.41,4.39,2.36,1.54,249.34,1421.89,72542.41
259.97,321.19,77.56,19.47,1.82,1546.66,3.86,2.19,1.58,290.37,4191.66,51677.64
280.9,389.86,15.8,15.44,4.17,1133.52,5.57,2.36,1.28,395.06,1562.85,36161.25
116.45,552.3,65.43,7.28,2.76,1730.6,3.25,2.32,1.8,251.56,4868.51,53420.88
296.42,450.56,63.47,7.49,4.53,1354.98,3.49,1.02,1.56,258.22,3877.41,91220.64
92.87,479.17,18.74,17.87,4.28,1581.59,5.13,1.47,1.47,346.49,2837.06,48623.86
186.2,522.71,33.52,7.61,3.85,2151.96,3.3,1.36,1.14,204.38,2801.4,79906.11
221.51,429.42,35.24,17.62,2.89,2458.21,4.9,1.19,1.68,197.53,3745.31,25571.29
114.35,535.08,22.72,17.56,2.12,1785.76,5.08,1.77,1.31,163.79,1132.76,44315.71
221.96,572.24,87.12,16.49,4.15,1829.97,3.78,2.36,1.67,268.13,1443.96,55764.44
178.58,539.05,54.66,10.71,4.91,721.44,4.27,1.06,1.74,375.42,2120.15,88667.33
140.75,559.85,75.4,17.07,1.07,2425.62,5.18,1.46,1.83,184.46,4491.02,29006.43
233.33,393.31,9.65,8.63,1.05,1437.54,3.9,1.9,1.3,189.98,3972.77,23851.43
278.15,533.52,66.78,13.9,4.57,870.66,3.24,1.36,1.79,110.4,3331.23,99635.0
267.53,384.65,6.36,17.47,3.4,729.87,3.28,2.36,1.67,348.79,4515.92,65741.79
191.43,343.69,31.69,11.52,4.1,1703.85,5.68,1.67,1.61,289.39,3366.79,76210.7
128.42,380.56,10.42,10.77,2.95,1804.45,5.85,1.9,1.74,251.88,3536.42,25674.58
132.24,312.83,47.25,5.68,1.56,1053.63,5.91,1.5,1.48,158.83,3443.12,42454.66
121.57,382.46,0.55,5.11,1.88,573.44,3.32,1.51,1.8,271.61,3050.67,43479.11
284.64,328.66,8.71,14.26,1.46,1190.45,4.52,2.31,1.49,310.68,4971.27,30519.13
136.81,327.56,42.18,11.17,4.63,1928.07,4.82,1.46,1.82,386.52,4284.79,20125.21
218.19,173.01,25.76,5.89,3.42,1873.18,3.34,1.58,1.46,210.72,1484.1,53515.82
244.02,181.95,8.02,10.32,4.77,1837.15,5.04,1.54,1.59,103.04,3544.38,93062.96
212.83,543.16,72.4,6.81,4.61,632.89,4.6,1.21,1.01,226.61,2180.16,58880.04
204.87,169.68,12.3,13.38,2.37,1958.35,4.96,2.27,1.69,228.98,3691.87,42030.49
143.92,505.04,44.64,16.98,4.29,2215.12,5.75,1.65,1.32,274.66,2484.69,68085.93
233.76,459.78,37.46,7.5,2.72,785.19,5.67,1.52,1.15,107.63,3583.29,70952.19
151.64,182.27,40.96,9.67,3.71,1711.56,4.09,1.33,1.99,236.2,3753.1,31244.24
184.26,162.39,50.55,19.46,2.54,577.99,3.09,1.58,1.16,107.01,4024.85,56681.84
140.08,555.04,11.61,19.34,2.26,2276.81,4.81,2.24,1.98,186.52,4844.54,51158.55
161.74,303.17,54.14,7.31,3.21,1583.41,5.29,2.25,1.44,190.7,2037.34,35569.91
87.97,304.1,27.02,19.5,3.23,1194.55,4.74,1.21,1.44,287.87,2955.59,52142.3
298.62,546.14,62.34,13.54,3.48,902.62,4.19,1.06,1.48,262.91,1911.0,97122.31
279.63,474.96,53.34,18.05,1.52,2081.02,3.37,2.19,1.28,363.13,4776.17,31903.68
179.1,591.44,48.34,17.95,3.35,1250.66,3.86,1.3,1.76,215.96,3045.1,59386.04
204.89,539.51,98.07,11.11,4.31,2029.06,4.72,2.43,1.2,132.78,4415.85,55131.99
265.57,551.89,6.25,18.25,2.79,1520.86,4.88,2.39,1.02,243.05,3750.89,77816.56
230.82,210.5,29.94,10.38,4.22,1057.52,3.63,2.44,1.01,399.35,3707.29,86277.54
141.29,156.44,73.79,17.51,3.96,785.7,5.26,2.15,1.66,329.83,4383.69,69088.33
94.94,369.43,7.76,11.11,2.63,632.02,4.05,1.17,1.81,384.31,1289.27,96409.22
192.58,284.8,7.69,12.51,4.18,1914.17,3.15,1.11,1.4,188.59,1929.54,42480.36
255.78,568.15,40.51,18.59,2.29,1452.87,3.68,1.96,1.98,281.05,2431.26,71825.4
102.66,549.9,50.31,11.74,3.34,1749.57,3.22,2.02,1.24,314.19,4290.14,84316.68
199.31,384.08,14.29,16.63,2.09,1493.39,3.85,1.2,1.63,116.3,3994.58,45406.94
75.03,380.01,4.69,9.14,3.83,625.38,5.52,1.01,1.25,322.27,2265.08,28151.39
156.05,271.68,84.27,9.7,4.16,2283.74,4.3,2.36,1.38,389.22,1357.16,74961.54
186.11,324.44,63.27,15.56,1.02,833.91,5.14,2.0,1.97,328.31,4803.09,76203.24
142.06,197.41,78.18,14.66,1.19,1220.1,5.87,1.75,1.43,237.31,1835.53,49496.57
158.21,173.56,76.76,11.25,4.29,2200.7,3.64,1.99,1.47,364.05,1862.96,74225.06
211.74,282.89,13.66,14.77,3.95,1131.25,4.93,1.59,1.71,159.76,4560.86,42992.77
157.75,176.14,11.15,12.74,2.07,2170.96,3.04,1.57,1.34,105.8,1497.47,53091.41
185.89,331.93,53.09,13.93,1.04,1428.19,5.89,1.78,1.68,193.56,4095.97,81833.72
192.29,589.21,12.56,5.25,4.08,2114.31,3.36,1.4,1.02,187.99,4092.57,61436.84
153.32,317.28,0.14,9.5,3.59,2448.39,5.54,1.04,1.9,334.96,4121.5,56639.66
164.55,286.31,6.57,8.42,1.99,1468.15,5.24,1.71,1.06,387.34,4770.9,82815.16
298.05,395.02,96.28,6.13,2.46,950.76,3.59,1.21,1.62,334.4,3313.19,31757.02
257.5,436.18,38.82,15.11,2.04,1190.38,5.75,1.44,1.47,367.04,3830.89,24976.26
108.14,153.53,63.09,11.72,1.54,2415.87,4.59,1.36,1.5,303.89,1304.96,41976.31
256.57,356.85,54.66,11.49,1.18,831.5,4.34,1.31,1.05,353.09,4924.77,83451.43
267.1,258.89,96.06,7.95,4.81,2489.64,5.14,2.47,1.57,177.86,2747.98,67484.87
91.44,430.05,98.12,7.85,4.17,2315.8,5.83,2.44,1.52,393.19,4029.24,32933.71
182.3,473.25,24.73,14.61,3.67,825.4,4.7,2.16,1.5,103.63,1036.15,48562.35
283.39,252.9,63.44,8.33,2.29,2196.08,5.19,1.14,1.43,108.75,2923.56,72994.72
101.66,280.0,39.78,18.79,4.97,589.82,5.28,1.56,1.39,326.28,4673.71,96074.29
204.85,310.7,78.75,8.77,3.26,1217.16,4.97,1.36,1.19,375.47,1407.21,60476.63
124.69,167.52,3.6,7.63,4.47,1064.96,5.85,1.87,1.44,274.03,3066.79,80702.1
138.56,308.87,89.41,19.2,4.57,1338.9,5.34,1.71,1.5,161.4,3364.52,34890.87
149.6,534.76,20.71,6.07,1.28,2381.57,4.52,1.61,1.81,350.75,2328.76,75489.44
248.5,444.59,15.16,18.14,3.16,1064.94,4.28,1.06,1.13,329.66,1000.05,53325.27
192.56,174.59,97.31,8.39,2.22,1107.89,3.69,1.0,1.73,390.05,1897.17,73043.78
241.93,531.79,42.26,9.54,2.3,1925.24,5.45,1.27,1.37,370.58,4226.77,98788.67
244.71,326.94,59.06,14.92,1.31,1588.99,5.13,1.25,1.78,275.13,4808.89,23393.78
134.7,420.7,29.66,15.72,4.04,705.03,4.54,1.76,1.37,379.88,4310.03,75776.75
235.72,357.77,92.1,15.42,3.92,2223.38,3.82,2.21,1.2,203.6,2342.44,98282.04
267.72,465.53,72.71,13.43,4.79,1492.52,4.14,1.24,1.79,320.33,2537.42,22015.47
263.77,155.14,70.37,19.55,2.75,969.95,5.11,2.23,1.55,390.11,1206.67,60383.65
236.65,538.19,17.93,17.0,3.21,1293.11,3.4,2.3,1.16,192.94,2160.18,89713.12
226.36,508.51,25.05,14.37,3.29,2165.66,5.72,1.02,1.67,115.55,3195.43,43010.62
144.02,308.83,62.13,10.01,3.93,1309.05,3.21,2.18,1.29,229.83,3741.78,46596.49
87.73,318.26,94.44,14.63,3.69,1764.56,3.6,1.63,1.75,130.41,2111.41,42105.53
172.2,591.17,6.75,12.78,1.72,2441.35,3.34,1.61,1.74,311.37,2690.91,47721.93
164.46,268.92,20.53,12.25,2.07,1074.92,4.97,2.45,1.6,123.09,1302.33,96113.86
141.89,191.43,59.9,14.35,3.59,1034.8,3.05,2.45,1.25,302.81,3826.52,68800.59
145.4,271.99,59.77,17.99,4.79,711.81,3.46,2.42,1.74,364.9,1810.53,67006.87
232.76,456.05,40.82,5.23,3.33,1006.2,4.35,2.44,1.4,351.94,1754.16,73796.84
294.83,195.85,0.83,11.5,1.37,1996.77,5.74,1.65,1.26,230.32,3893.79,20724.33
207.63,425.98,63.77,8.63,3.86,682.78,3.6,2.32,1.74,104.12,1993.51,37152.52
135.93,261.4,6.25,11.88,3.93,1713.46,5.02,1.12,1.95,351.55,4220.36,85838.7
284.86,394.91,20.03,14.25,3.97,1975.83,4.56,1.1,1.37,376.23,3337.8,63066.56
135.49,315.8,89.53,15.0,4.15,1408.69,4.89,1.37,1.71,228.28,2770.18,71945.79
285.66,178.8,82.47,9.39,2.78,543.83,3.9,1.75,1.06,247.33,4708.44,28431.46
247.0,334.35,65.52,8.9,1.64,820.93,3.21,1.28,1.66,364.51,4256.5,74810.74
99.85,280.13,30.98,8.75,3.06,1571.11,4.07,1.53,1.83,336.79,2231.18,93103.08
289.38,297.03,35.44,12.58,4.76,2252.64,3.31,1.59,1.55,250.94,1775.45,88705.34
227.31,527.06,85.88,16.23,2.76,1721.09,3.48,2.01,1.18,308.18,1918.39,29404.1
112.19,150.9,71.87,15.99,3.06,822.73,3.25,1.03,1.17,367.26,1966.15,48341.71
98.7,250.06,51.92,14.12,1.98,615.46,4.17,1.35,1.22,387.96,3465.2,64550.28
168.55,343.02,54.09,15.45,3.81,843.39,4.5,1.62,1.87,289.43,3130.02,29231.57
211.27,202.74,33.72,7.14,3.77,912.5,4.18,2.34,1.2,252.34,2677.09,21449.92
253.37,181.07,47.43,13.41,3.51,1877.26,3.76,1.01,1.72,260.7,4344.47,85711.07
264.75,368.29,33.36,16.87,2.81,866.88,5.56,2.32,1.47,122.71,2551.3,84283.01
277.9,241.56,6.7,18.16,2.56,1583.52,5.9,1.1,1.65,122.23,2501.88,84305.16
172.53,598.73,55.91,9.82,1.88,1201.04,4.12,1.1,1.37,239.27,3890.95,72538.36
234.47,153.76,21.77,14.93,2.94,510.63,5.41,2.16,1.55,119.94,4066.06,66697.09
250.94,488.29,80.3,12.77,1.56,1842.31,4.86,2.11,1.17,158.49,4561.64,79998.22
279.35,491.42,59.72,14.81,4.56,1657.61,4.9,1.23,1.47,314.92,2083.77,36180.33
145.61,258.68,21.49,11.37,4.63,1514.12,3.56,1.12,1.7,214.84,4287.32,72760.86
254.15,272.38,69.24,8.96,4.76,1772.75,3.97,1.4,1.19,308.39,1874.86,67624.26
134.54,447.89,81.49,16.67,4.04,875.44,3.27,2.05,1.37,229.7,1124.6,40766.12
82.58,545.63,24.34,13.36,1.16,1833.69,3.97,2.35,1.89,197.59,4603.84,99692.61
260.72,530.19,24.9,13.65,1.27,689.84,6.0,1.49,1.75,342.0,4432.09,99810.26
129.34,168.16,41.12,6.95,1.09,1220.85,5.35,1.85,1.31,296.3,1928.07,21150.52
246.98,430.68,76.23,5.58,4.35,1739.05,4.69,1.94,1.86,276.08,3323.8,99254.33
245.26,349.03,70.74,10.84,1.92,1693.7,5.78,2.39,1.34,258.3,1846.54,99650.49
295.75,442.28,80.44,15.73,3.37,606.7,4.36,2.01,1.68,211.94,4766.77,33388.56
187.58,460.9,69.71,14.73,2.1,812.41,4.91,1.9,1.18,311.54,2820.69,73420.85
263.41,226.38,1.91,16.69,3.44,1899.28,5.51,2.2,1.96,260.78,2953.98,52150.98
109.58,407.67,27.7,18.82,3.33,1685.68,4.06,1.08,1.03,227.0,1338.26,68547.76
273.22,547.31,65.9,8.17,4.45,2272.19,3.59,2.11,1.29,340.79,4988.95,22402.08
276.91,430.18,97.34,11.98,4.39,624.79,4.01,1.1,1.98,345.09,4410.19,95037.22
94.15,323.52,7.1,8.16,1.92,1438.21,3.81,1.15,1.17,144.18,4892.31,80743.4
292.75,347.88,27.84,16.97,2.31,1098.77,3.7,1.19,1.26,206.6,3695.98,25005.19
122.36,514.06,14.69,10.14,4.46,809.85,3.25,1.73,1.3,269.02,4215.22,30971.88
205.66,377.48,14.41,14.36,2.09,1475.67,3.25,1.69,1.31,346.71,1227.91,53488.58
178.15,476.25,57.43,15.01,4.11,2224.41,3.94,1.81,1.84,396.84,4558.08,49717.38
118.91,370.23,74.16,12.39,2.93,2176.46,4.08,2.29,1.41,198.47,2815.96,80995.76
103.35,238.39,95.14,7.63,3.27,1658.63,4.47,1.97,1.23,265.8,2488.69,72933.38
106.78,406.89,18.53,9.18,1.87,865.68,5.48,1.43,1.93,390.98,3285.04,31440.09
159.27,508.98,36.74,6.31,3.23,2190.24,5.39,1.26,1.67,166.15,1872.83,89925.74
131.18,268.46,0.07,18.06,4.17,1754.66,5.25,1.23,1.46,205.37,1375.11,58890.44
282.17,168.03,29.15,8.11,1.95,2316.87,4.4,1.7,1.76,146.35,2949.06,54398.82
209.3,599.8,76.94,10.97,4.31,841.42,3.09,1.31,1.34,253.17,3460.52,92848.46
189.72,375.57,5.02,5.52,3.2,1376.36,5.52,1.24,1.02,234.71,1949.91,23969.15
238.03,200.22,60.83,9.22,1.69,1259.5,5.4,1.59,1.75,137.65,4091.09,38954.67
227.41,404.6,92.91,10.81,1.26,538.31,5.48,1.79,1.78,170.33,2380.33,22408.31
291.34,450.54,93.32,8.98,3.45,1857.0,3.95,2.27,1.95,365.46,3956.27,42197.17
138.36,583.51,1.03,15.74,3.82,1745.38,5.97,1.47,1.34,123.68,2771.19,40883.88
152.26,525.56,93.55,7.79,2.49,2357.26,3.19,1.14,1.16,278.56,1601.89,97446.11
175.51,375.68,24.67,12.06,3.65,2002.35,5.26,1.87,1.9,345.22,4028.19,24448.44
76.55,245.6,66.35,11.17,2.61,2269.17,5.69,2.36,1.31,307.32,2086.53,35248.79
116.54,303.95,43.0,17.46,1.48,1969.85,4.59,1.43,1.49,189.98,3384.33,54707.51
111.99,202.46,54.67,18.54,2.38,1966.0,4.98,2.4,1.82,269.98,3628.12,91870.92
164.89,297.06,1.08,17.4,4.2,708.91,4.73,1.7,1.12,394.17,1858.78,25378.73
208.84,482.49,3.24,14.88,3.13,706.53,3.52,1.85,1.3,381.49,4274.96,98685.38
133.43,586.38,43.12,10.21,1.2,605.53,5.08,1.69,1.23,284.19,2011.43,66210.54
155.82,520.6,82.07,12.16,2.4,1225.12,5.42,1.49,1.21,125.41,2866.77,58570.57
264.2,249.56,38.1,17.13,4.29,1269.22,4.38,1.45,1.93,135.59,4735.0,74709.32
194.6,164.7,47.56,11.12,1.64,1812.82,5.91,1.84,1.71,120.54,2670.67,29308.68
212.88,572.32,66.18,6.15,2.42,1601.33,4.21,2.25,1.81,283.55,2493.83,40426.91
98.82,309.7,41.32,15.14,3.63,640.22,4.19,1.27,1.16,348.19,1167.66,53534.63
112.85,545.7,55.7,8.47,3.01,1962.97,5.87,1.33,1.89,380.29,4665.68,70833.15
216.71,331.44,75.24,12.97,3.71,1356.92,5.19,2.24,1.15,349.88,3161.19,87573.27
172.04,320.57,91.51,8.77,4.38,1468.04,4.54,1.46,1.57,197.56,1157.08,41759.89
76.44,590.26,96.57,10.93,3.91,1191.61,5.01,2.21,1.95,220.06,4133.19,41274.28
297.82,161.6,60.35,14.89,3.75,740.78,5.82,1.27,1.62,166.8,2228.87,63716.68
168.87,222.1,17.09,11.27,4.03,2295.93,3.25,1.59,1.1,104.98,3646.87,68195.96
111.68,255.22,2.37,17.52,4.9,770.92,3.69,2.3,1.93,225.89,1202.49,23151.35
204.14,326.8,2.87,13.75,1.05,2074.74,3.92,1.06,1.59,219.31,4895.2,63535.89
136.93,469.25,27.15,18.56,2.5,1599.74,3.15,1.64,1.83,341.69,1897.27,38086.33
258.89,568.68,9.54,11.75,2.35,2241.38,3.25,1.32,1.75,115.39,2970.14,55368.56
150.24,327.56,52.99,7.42,3.29,2110.86,5.28,1.23,1.15,180.45,2444.3,52676.45
227.93,175.51,3.47,10.88,3.79,886.87,4.92,1.39,1.89,368.71,2189.15,38399.5
167.54,258.24,67.24,17.39,3.69,2148.7,4.19,1.23,1.74,208.14,3685.08,41651.52
93.28,596.66,15.62,19.83,4.91,2087.64,4.98,1.87,1.87,186.83,2870.72,69551.2
167.52,342.37,33.03,13.46,4.4,903.06,5.8,2.03,1.82,266.86,4118.07,21296.03
259.14,168.06,88.99,19.88,2.18,920.64,5.3,1.38,1.87,130.85,1503.82,98332.12
226.61,531.1,32.43,15.15,3.38,1706.3,5.05,1.86,1.43,182.78,4074.33,38101.79
230.78,255.0,62.53,16.21,1.87,619.89,3.39,1.91,1.85,113.5,3936.61,47305.49
182.67,567.99,33.2,11.98,1.05,663.2,3.78,1.04,1.63,227.92,3192.58,33971.77
141.58,448.72,96.53,5.76,4.56,1653.76,4.69,1.75,1.07,126.96,3403.65,47276.69
281.39,332.97,14.33,15.72,2.17,1550.94,5.09,2.35,1.79,302.91,3718.53,95673.97
141.56,150.5,27.2,8.27,3.65,1767.42,4.78,1.02,1.73,197.06,3660.22,64526.27
152.11,210.56,9.44,17.47,4.67,1799.58,3.31,1.6,1.73,333.95,1472.87,20002.46
235.23,310.47,25.45,5.19,3.16,2202.3,5.87,1.85,1.51,125.52,3195.49,50398.33
211.61,324.93,24.03,6.42,2.26,693.29,3.53,2.48,1.44,259.56,4494.47,99645.51
206.11,515.61,32.69,9.59,2.61,1845.01,5.05,1.47,1.13,289.72,1513.3,66279.4
231.02,465.28,75.35,18.09,3.0,1960.5,4.86,1.28,1.03,185.36,2772.13,69368.48
266.24,238.31,12.55,19.45,1.43,1456.98,4.76,1.81,1.09,117.11,1421.93,66847.01
197.48,255.18,63.78,17.3,1.17,1496.26,5.07,1.38,1.31,284.09,4591.74,84793.95
206.2,478.6,36.48,14.61,2.86,879.87,5.11,1.83,1.36,373.4,1083.74,45261.85
87.8,494.94,70.21,9.97,3.7,1291.87,5.27,1.68,1.41,380.42,2003.52,29635.79
206.52,586.19,37.78,5.93,2.36,1511.86,3.49,1.99,2.0,235.52,2418.91,52056.33
100.91,547.47,41.48,10.81,3.64,1384.07,4.94,1.09,1.81,382.15,3595.06,96365.27
109.07,364.84,60.18,13.73,2.61,1176.17,3.38,1.59,1.16,320.31,1835.32,24685.22
199.28,417.85,87.19,13.65,2.38,2106.02,4.62,1.12,1.57,372.41,2585.25,43706.06
107.28,218.15,43.28,13.94,1.32,2379.14,5.27,1.88,1.83,124.06,2907.36,70407.45
261.45,502.56,27.71,19.11,1.5,2250.27,5.91,1.27,1.72,112.09,2621.69,61302.66
205.65,571.17,67.23,12.22,4.24,2401.07,3.07,2.47,1.09,344.32,2121.34,30574.37
173.97,439.78,38.1,5.82,3.4,2304.81,4.15,1.32,1.44,114.51,4281.95,86107.26
207.3,308.9,79.98,13.32,4.3,1762.92,5.35,1.9,1.41,387.38,3164.46,68407.16
124.61,431.54,57.16,7.77,1.24,1708.72,5.29,1.79,1.23,299.96,1320.42,55346.7
111.76,233.01,20.23,10.8,1.2,1295.59,4.54,1.72,1.38,351.74,1581.31,60455.74
88.96,182.02,57.39,13.49,4.51,1615.75,5.88,1.07,1.1,113.22,1741.11,63301.61
220.25,170.51,94.6,17.63,2.19,654.38,3.51,1.19,1.12,255.57,1983.39,48651.18
297.64,457.94,94.9,7.14,2.53,1609.46,3.23,1.01,1.67,292.55,2643.16,59171.53
168.47,160.8,33.54,7.66,1.39,2413.44,4.8,2.09,1.32,217.94,1947.7,27757.25
115.28,508.88,67.75,13.2,2.9,2344.87,3.22,1.42,1.35,334.73,4970.06,39253.64
271.72,523.78,22.47,10.99,2.64,2456.44,3.54,2.2,1.33,319.26,2680.04,66268.78
262.34,511.87,86.64,5.89,3.77,779.97,4.25,1.82,1.4,255.88,4986.11,30817.39
226.98,328.2,13.3,7.38,4.8,2259.2,5.72,2.49,1.21,206.63,3676.88,58704.2
169.14,311.02,59.38,13.63,1.65,1443.48,4.66,1.86,1.21,322.68,1100.8,48386.55
250.55,403.75,26.12,15.42,3.27,2092.49,5.21,1.92,1.49,139.95,2045.33,53527.96
209.84,381.17,28.82,5.1,2.98,1071.25,5.2,1.04,1.58,382.44,1697.64,57731.96
95.57,431.56,55.05,11.11,3.09,2293.15,3.59,1.03,1.86,273.14,4562.63,67755.62
257.29,343.35,74.99,18.7,3.29,861.57,3.81,1.3,1.25,191.92,3220.54,67039.33
170.96,426.94,8.16,6.32,1.69,1536.15,3.64,1.42,1.4,343.56,1055.45,71950.31
225.5,509.4,93.28,5.3,1.62,2272.34,4.38,1.85,1.66,303.72,4726.96,99755.95
237.04,279.25,87.98,5.74,1.92,2294.77,3.77,1.33,1.14,357.73,3000.23,73991.46
128.79,491.12,76.0,9.69,2.64,919.38,5.93,1.97,1.93,191.02,4127.56,81268.69
230.62,584.54,39.36,6.96,3.69,1958.62,4.73,1.31,1.5,193.66,2709.87,71617.49
242.67,254.5,40.53,9.04,1.79,2066.77,5.73,1.56,1.75,369.1,4384.5,34625.07
290.17,319.5,33.92,5.94,2.94,718.03,3.75,1.48,1.81,362.65,2209.87,88695.85
267.88,494.09,14.67,15.35,4.78,1865.08,3.99,1.75,1.65,253.17,1479.81,44965.12
255.54,537.64,13.73,19.29,2.32,1824.63,5.26,2.22,1.95,193.88,4434.03,30534.95
233.63,483.89,67.77,8.78,4.49,837.72,3.16,2.08,1.48,354.73,2533.59,33462.29
263.2,397.01,18.92,15.81,3.04,1708.63,4.38,2.24,1.83,312.82,1421.61,87108.31
225.98,463.66,36.3,18.19,3.9,725.18,4.22,2.33,1.05,388.42,3716.65,70510.08
135.88,261.96,94.21,9.47,4.1,1286.24,3.42,1.02,1.54,392.73,2476.54,48575.39
152.42,384.24,44.07,18.2,3.02,1515.52,3.42,2.47,1.25,122.01,3652.58,67629.31
168.41,339.99,78.51,7.94,4.28,1797.49,4.26,1.69,1.26,325.63,3051.5,45668.36
209.11,598.08,43.53,18.81,2.38,609.47,3.61,1.63,1.22,100.07,4660.01,87510.35
242.02,225.52,12.04,6.01,3.9,2357.62,4.29,1.18,1.51,204.65,2499.3,69706.45
236.71,199.77,3.56,19.91,1.93,607.66,3.57,1.06,1.39,340.72,2364.98,55534.67
227.01,379.0,86.14,17.99,1.04,2056.09,4.38,2.48,1.48,396.07,4018.28,39888.39
196.14,596.46,85.75,6.46,3.83,1191.16,3.02,1.61,1.23,345.66,2349.32,86201.9
75.13,288.52,24.12,8.5,1.27,874.25,4.67,1.44,1.42,213.06,4503.62,92423.92
185.92,298.57,10.68,19.3,1.24,1095.3,3.89,1.48,1.16,334.95,1489.99,70792.53
102.87,181.74,90.94,7.85,4.29,1589.26,3.23,2.43,1.25,357.89,1675.24,88315.43
77.98,380.3,76.94,19.02,4.64,2139.25,5.66,1.3,1.28,186.69,2508.22,51465.65
197.52,221.95,69.12,7.51,2.24,1506.69,5.39,2.11,1.65,146.73,3188.18,26995.72
159.91,336.08,3.98,9.11,4.82,2407.27,4.06,1.06,1.18,217.67,4791.12,31295.93
246.79,198.91,98.13,10.72,4.1,1185.18,4.88,1.29,1.15,381.42,4670.59,90997.52
215.72,513.72,6.9,10.02,2.25,1771.29,4.07,1.22,1.6,344.32,2528.49,30581.5
119.25,256.87,29.99,14.64,3.4,1892.16,4.09,2.24,1.2,240.71,4203.75,34412.69
99.72,547.66,34.29,15.26,1.1,1880.09,3.95,1.08,1.61,172.24,2547.23,26446.46
108.11,284.09,8.98,18.66,1.02,1467.72,3.37,1.46,1.93,148.51,4863.33,36463.55
241.85,396.0,88.45,13.31,3.14,890.92,3.5,2.37,1.33,211.62,4039.29,47105.88
289.21,482.07,59.74,18.21,1.2,1014.13,4.4,1.34,1.74,375.76,2695.08,47370.61
291.35,350.18,48.9,10.27,4.64,1637.91,5.29,2.22,1.34,230.11,4393.89,49060.43
253.64,573.45,62.32,16.12,4.22,2190.08,4.19,1.08,1.4,302.13,2801.4,79917.05
155.32,435.63,18.64,16.24,3.18,908.13,3.88,2.12,1.48,164.81,4869.08,77210.0
290.36,342.2,47.51,18.47,3.1,1914.56,3.76,1.67,1.12,161.79,1003.77,23141.2
294.89,259.06,66.33,17.59,3.2,806.29,5.18,1.9,1.73,330.92,4901.64,65885.06
151.87,441.81,6.84,18.46,1.48,1155.69,5.45,1.9,1.39,242.03,4418.19,47200.35
270.67,189.66,77.68,17.71,1.73,1360.69,3.5,2.06,1.54,290.6,1785.95,36939.67
84.34,294.93,55.97,17.87,3.67,1370.79,5.86,2.08,1.93,258.28,2035.62,24226.13
238.37,204.59,30.28,12.99,3.26,1701.17,3.5,1.57,1.62,390.95,3910.52,93808.3
246.5,416.27,19.2,15.0,3.49,1704.94,4.47,1.79,1.33,255.79,1790.22,84413.95
116.8,188.23,43.62,14.87,2.75,1053.51,4.67,1.52,1.93,376.79,3009.49,46230.72
240.85,166.52,47.48,10.04,4.68,524.01,4.66,2.11,1.49,125.62,4889.85,61440.83
213.19,256.47,48.35,11.44,1.3,712.32,5.51,1.36,1.19,251.47,4074.99,24955.72
204.78,203.64,3.65,5.79,4.34,735.94,3.14,1.66,1.84,178.72,2686.85,23193.8
176.04,409.93,57.09,9.99,2.26,713.25,4.1,1.15,1.77,389.88,4880.3,89205.69
210.18,465.39,28.52,14.46,2.82,1464.03,5.27,1.42,1.32,377.39,1224.9,58850.74
280.38,424.66,54.64,8.75,2.37,2204.1,4.68,1.77,1.1,104.81,4854.74,50158.89
210.72,185.87,68.31,18.99,3.3,752.23,4.75,2.15,1.41,363.95,3594.73,91939.91
215.29,209.08,30.97,8.03,4.64,2020.8,5.03,1.45,1.18,326.94,2896.63,38063.16
213.74,168.15,32.62,12.03,1.59,2469.31,3.63,1.2,1.2,330.72,2702.02,65233.28
79.73,165.49,44.58,17.25,4.54,673.41,4.62,2.37,1.39,348.87,1534.78,94831.56
244.07,573.6,67.66,10.45,4.75,1051.13,4.0,2.05,1.77,378.82,1819.21,83839.84
241.17,178.71,38.72,9.24,2.22,2465.89,4.93,2.08,1.98,213.16,4207.36,54762.48
270.65,231.3,94.77,8.28,2.3,2012.38,4.18,1.91,1.44,322.71,1913.33,24676.64
142.48,363.44,16.8,10.32,2.6,614.78,4.75,2.33,1.15,279.34,3658.96,53546.77
232.75,334.83,50.46,5.11,3.77,1822.69,3.12,1.55,1.98,226.22,3007.78,92794.41
236.38,411.93,79.78,17.97,2.83,1450.22,4.16,2.45,1.7,124.97,4451.84,58444.8
90.47,397.37,41.72,18.17,1.82,2152.93,4.67,1.08,1.97,253.78,2163.51,57552.55
268.02,287.21,19.27,6.94,2.19,2060.1,4.41,1.34,1.17,199.82,4759.7,47442.14
297.33,368.35,17.92,18.37,2.84,1919.34,5.95,1.08,1.1,316.14,2127.3,34744.11
83.86,159.83,77.45,7.02,2.87,1711.79,4.29,1.04,1.78,103.15,4047.56,91464.36
172.39,390.99,47.7,10.84,4.55,2287.87,4.01,1.92,1.93,388.62,3035.84,56225.98
137.71,581.49,14.28,13.7,2.13,1058.02,4.21,2.5,1.05,273.56,1330.29,32361.67
173.9,379.71,25.88,9.75,1.35,1106.44,5.9,2.42,1.33,271.26,4638.38,20494.71
257.4,576.77,9.13,7.42,4.84,1575.08,3.04,1.39,1.45,307.87,3932.64,99633.72
139.69,392.2,53.33,11.08,1.68,2454.91,5.56,1.75,1.6,168.18,3175.15,75597.61
190.91,595.63,61.13,10.56,4.09,840.93,4.15,1.52,1.43,334.53,2936.69,83521.16
204.71,303.93,81.0,8.57,1.9,1509.01,3.78,1.01,1.65,253.33,2782.07,97357.48
203.52,538.54,13.95,13.54,4.47,1666.21,5.15,1.56,1.09,237.37,2577.92,89364.81
129.9,585.03,95.81,8.71,2.39,2291.11,5.9,1.67,1.32,257.83,3751.08,41877.96
240.71,173.25,4.93,10.79,2.41,1131.27,4.47,1.48,1.19,192.84,4899.62,52889.07
175.06,409.45,98.33,8.62,3.73,1931.97,4.82,1.13,1.68,119.23,3384.57,79166.49
122.47,528.73,3.04,17.66,2.84,935.18,3.4,2.43,1.07,159.73,2391.29,69618.79
197.58,206.54,28.97,8.58,1.85,1322.29,5.11,1.33,1.37,217.28,4905.83,96373.31
255.03,258.75,6.8,9.75,2.07,1511.85,5.33,2.29,1.84,207.9,3748.94,45026.74
88.7,465.7,0.98,11.14,2.32,1886.76,5.3,1.46,1.81,188.18,2785.31,78161.48
230.91,594.32,22.52,14.93,3.44,2330.2,3.47,2.13,1.57,182.4,2897.74,46702.13
205.35,550.05,56.93,14.48,3.07,602.33,3.7,1.74,1.31,154.53,3016.53,45824.78
133.07,358.79,13.33,18.92,4.47,1915.24,3.32,2.16,1.81,330.33,1455.86,71512.64
262.72,409.81,64.64,11.88,3.11,568.75,4.92,1.12,1.44,187.8,3181.71,30673.31
230.62,507.76,16.34,6.56,1.58,2254.26,4.58,1.7,1.11,294.87,4472.0,86254.87
215.86,183.88,11.24,5.74,2.03,771.32,3.78,1.58,1.94,283.11,4339.9,76828.12
100.31,481.16,27.51,14.59,2.36,2495.34,3.79,1.42,1.93,107.39,3786.76,78026.11
263.19,588.5,97.56,5.98,4.29,1792.62,4.94,1.19,1.65,394.74,4647.27,55130.45
83.99,313.03,82.64,15.52,2.84,610.2,4.28,1.7,1.93,292.33,2246.61,62025.46
89.86,587.66,36.01,12.17,2.42,1865.02,4.99,2.07,1.27,194.7,1501.0,72440.8
83.95,418.96,86.97,18.36,2.8,1418.61,3.23,2.01,1.82,173.4,2685.2,87107.15
272.35,259.43,55.06,7.89,1.41,2322.24,5.46,2.14,1.05,353.12,2752.18,47391.61
197.96,191.11,75.66,13.74,1.75,876.46,3.55,1.09,1.59,352.1,1069.99,23920.37
203.87,518.77,32.67,10.24,3.39,1048.43,3.08,2.1,1.63,274.23,3966.74,74018.47
121.32,308.62,12.61,6.95,3.7,2217.2,5.89,1.94,1.18,131.7,4251.4,66300.52
214.11,501.66,70.33,17.52,1.22,1995.04,5.55,1.43,1.64,194.25,4831.88,22673.89
205.45,224.93,71.22,7.64,1.94,1488.74,5.74,1.32,1.14,327.69,3002.48,92942.81
107.99,440.67,23.29,7.35,3.73,1687.37,5.26,1.46,1.45,221.64,4936.36,43379.92
141.33,309.55,56.46,8.78,4.66,1031.37,5.69,1.16,1.66,372.1,1675.0,97466.16
176.9,575.57,67.68,9.52,1.75,1107.47,3.28,1.22,1.1,226.88,4182.31,31310.68
104.32,439.54,19.72,6.46,1.67,2347.46,5.46,1.53,1.66,261.18,3708.5,74613.69
216.47,269.75,3.9,11.83,4.56,1638.99,5.5,2.49,1.16,307.53,3697.17,98396.44
296.76,459.01,24.36,16.98,1.43,2061.4,5.73,1.57,1.63,229.04,2751.06,44829.67
246.48,571.28,94.08,7.62,4.5,1974.86,3.76,1.1,1.27,373.66,3532.71,77684.37
132.86,473.72,2.81,10.63,3.51,792.19,5.47,1.35,1.65,221.56,3384.17,28596.04
78.81,559.3,26.96,17.3,5.0,922.86,3.8,1.99,1.97,374.74,3011.5,83608.82
105.54,589.85,96.44,7.46,2.2,700.31,3.82,2.22,1.38,126.52,2368.9,98510.67
216.68,337.27,16.65,19.79,4.28,1062.95,3.21,1.08,1.12,274.23,4715.05,59739.47
264.66,350.65,70.86,15.98,1.7,1222.43,4.91,1.11,1.36,260.44,4984.9,57962.69
258.61,344.43,79.64,13.93,4.55,1321.89,4.81,1.95,1.42,143.29,1374.24,21333.72
271.55,256.41,21.15,16.04,2.28,1512.09,3.49,2.44,1.85,359.14,2627.09,80988.9
107.37,153.88,2.0,13.8,2.82,1536.03,3.02,1.63,1.72,232.81,3928.88,38641.52
257.96,414.79,21.08,8.55,3.51,2159.88,4.25,1.39,1.87,300.78,2792.34,59032.02
120.96,432.06,35.87,19.93,2.92,1471.77,4.7,2.38,1.8,235.34,3874.8,66898.84
185.78,236.54,46.39,8.69,4.66,1170.81,5.86,1.8,1.63,262.88,1517.52,50065.7
97.31,430.33,44.69,16.67,1.88,829.13,4.22,2.39,1.71,225.68,3069.09,26737.04
296.53,449.88,28.54,13.79,1.44,2431.67,3.52,1.97,1.25,315.27,4107.29,73873.58
213.26,551.61,7.86,9.96,1.99,2476.03,4.17,2.1,1.68,163.62,1955.99,42502.77
167.5,255.45,1.97,18.19,4.86,1183.14,4.02,1.01,1.68,347.63,1586.43,32773.31
252.77,427.33,4.49,14.34,2.24,1237.45,5.31,2.22,1.4,384.15,2625.85,81746.88
183.87,553.89,90.78,6.31,4.75,2151.07,5.37,1.3,1.81,355.04,2156.6,96180.81
86.22,217.46,53.76,13.64,3.58,533.94,5.88,1.07,1.14,104.2,3267.43,94581.35
224.84,520.2,1.33,13.13,2.84,1497.94,3.22,2.03,1.5,329.54,2941.16,31950.53
220.86,227.57,87.24,14.2,1.63,2424.68,4.56,1.11,1.63,175.96,4214.77,85425.77
295.26,375.84,45.5,16.3,1.53,1593.83,4.64,1.13,1.42,355.99,4424.61,27939.01
95.41,268.21,87.48,6.93,3.88,702.33,4.87,1.53,1.79,170.11,3556.81,38854.6
235.57,543.16,12.68,18.0,3.37,754.22,4.28,1.24,1.7,327.66,1423.19,60491.19
258.29,571.27,51.35,19.25,3.14,1288.38,5.54,1.74,1.47,247.09,4387.14,86555.32
165.79,299.98,49.19,13.59,1.95,2087.91,4.46,1.5,1.11,171.65,4797.12,44407.97
112.99,357.3,30.71,5.53,2.29,1588.22,4.66,1.53,1.45,389.66,2509.39,40658.15
129.78,355.99,75.95,8.09,3.84,542.3,4.26,2.16,1.34,269.12,1819.92,79359.63
86.76,533.64,19.82,18.12,2.41,1945.37,3.96,2.36,1.13,153.56,2972.12,26555.08
119.1,574.69,97.65,10.64,4.69,1589.65,3.81,2.05,1.66,396.74,2060.19,73764.76
86.71,201.14,0.39,19.99,4.21,2073.45,4.53,1.45,1.15,185.4,2503.88,80504.81
196.42,184.87,1.8,6.53,2.64,2366.39,4.91,2.2,1.47,208.5,1433.6,90074.64
251.21,225.65,51.23,12.31,3.5,2392.37,4.74,1.81,1.05,118.87,1749.39,22597.66
242.25,475.5,13.61,17.54,1.62,1102.35,3.75,1.56,1.25,246.69,2629.63,98925.56
87.58,213.98,5.28,14.39,1.22,2172.88,4.54,1.79,1.56,151.24,1790.76,45505.39
208.54,244.55,11.63,19.55,1.09,2105.39,5.36,1.45,1.14,143.69,3789.73,71424.53
251.12,571.87,69.19,7.34,1.97,2184.39,3.63,1.11,1.7,220.76,4680.16,72020.41
95.34,576.54,25.86,10.06,2.61,602.45,4.49,1.18,1.4,205.21,4091.36,84253.64
109.52,314.95,37.34,7.27,4.19,1914.46,3.57,1.55,1.11,288.46,1485.49,98874.73
250.65,325.61,57.86,18.67,3.22,849.0,4.14,2.26,1.64,295.22,4467.29,91517.84
281.95,192.68,54.41,16.11,4.03,1713.43,3.5,2.2,1.72,125.84,2855.24,33918.19
150.93,158.14,40.03,13.25,3.48,1826.98,5.51,1.32,1.12,355.46,1626.45,97980.81
264.57,375.39,98.14,6.46,2.21,1776.45,4.05,2.39,1.07,264.82,3363.47,72218.25
132.52,314.05,84.37,7.92,4.31,1625.31,5.29,2.07,1.21,270.64,4470.89,54569.3
292.48,353.5,14.28,10.84,4.81,1139.44,5.6,2.32,1.35,124.98,3898.23,44920.98
251.16,349.19,48.53,16.67,2.53,1386.25,4.13,1.55,1.53,342.64,2447.07,61940.38
225.91,271.25,27.75,19.0,3.89,1654.37,4.94,1.04,1.62,252.85,3183.0,48753.91
93.33,237.0,95.07,11.13,2.87,605.42,3.11,2.08,1.54,252.61,1972.5,79580.06
112.85,235.47,46.07,9.29,1.99,1790.48,4.95,2.24,1.42,121.93,2094.67,98400.44
209.16,469.38,0.74,12.77,1.15,1638.46,5.76,2.45,1.54,237.46,4780.07,73888.79
89.6,359.58,24.02,12.05,2.82,1664.29,4.07,1.25,1.5,349.06,3656.05,47069.43
285.49,560.49,20.93,5.59,3.97,2155.22,5.9,2.33,1.6,259.02,1111.36,39732.52
178.41,432.83,55.73,16.14,2.12,1629.91,3.26,1.62,1.75,308.02,4962.57,42231.29
187.09,298.29,44.06,17.85,3.74,2264.88,3.61,2.31,1.06,366.58,2316.3,45167.01
190.22,573.31,4.78,10.28,4.43,1292.11,3.6,1.64,1.39,374.62,4047.74,60409.24
297.38,359.37,5.82,8.93,2.74,813.81,5.84,2.15,1.27,277.24,3885.8,95302.31
273.37,381.84,77.47,13.43,3.21,729.48,3.38,1.79,1.27,106.31,3891.36,22598.93
208.94,392.64,96.88,12.26,1.25,1603.38,5.52,2.5,1.43,196.09,4626.61,35299.37
213.47,332.57,4.11,10.21,2.06,1872.18,5.85,1.4,1.81,116.61,3152.48,25644.01
285.16,494.86,65.79,17.36,3.59,2437.89,5.14,2.39,1.52,135.12,3112.71,30149.83
208.31,367.12,62.26,5.15,1.78,1482.66,5.85,1.58,1.42,314.41,3415.17,43914.09
167.43,247.96,96.6,6.96,2.49,551.68,3.67,2.17,1.2,124.02,2897.81,20797.54
94.07,513.43,77.15,18.73,4.42,1866.35,3.16,2.17,1.85,339.72,3033.92,38632.15
265.2,477.22,98.08,7.34,1.9,923.6,5.38,1.28,1.07,399.57,1099.27,86819.52
157.21,528.73,55.46,18.52,4.7,518.2,3.23,1.38,1.67,366.48,2839.77,68557.85
117.41,512.24,96.73,9.03,2.98,672.23,4.68,1.75,1.14,232.62,2336.42,61746.47
206.77,153.82,76.1,15.7,2.47,605.87,5.26,2.43,1.24,197.06,1735.25,66154.89
109.84,310.29,69.7,13.4,2.55,1340.5,4.69,1.01,1.08,364.38,1311.52,76544.29
282.01,271.81,37.05,13.53,4.53,2383.81,5.22,1.13,1.67,223.09,2882.8,23931.87
117.99,505.73,45.4,9.52,2.54,2208.8,5.25,1.41,1.12,175.6,4683.03,66527.11
195.03,418.38,36.6,17.11,3.09,733.5,3.39,1.81,1.94,192.51,4478.16,81127.65
130.76,166.35,10.18,15.93,1.8,1242.54,4.51,2.09,1.11,221.91,2940.29,63266.17
259.13,227.26,80.78,15.39,3.22,1899.06,4.24,1.21,1.67,257.4,3557.5,47039.9
279.04,414.32,8.54,11.75,4.03,2088.27,4.48,2.34,1.27,223.18,4594.39,91700.54
229.29,536.54,8.88,17.97,2.28,856.66,3.72,1.63,1.25,196.17,1539.91,43694.14
203.76,348.83,34.67,16.2,4.57,2013.58,4.0,2.12,1.15,139.1,2382.51,84616.19
130.43,178.46,13.17,17.88,3.54,1006.4,4.67,1.79,1.66,169.96,4457.61,44749.48
231.18,157.26,37.27,10.28,3.17,645.47,5.37,1.33,1.68,340.96,3247.51,79270.66
223.92,309.99,80.89,9.42,3.28,1990.8,4.14,1.45,1.46,345.39,4719.69,63606.67
223.83,556.47,9.85,8.48,3.84,2147.49,5.57,1.62,1.09,231.33,1922.94,43295.72
248.76,183.99,82.76,11.42,3.38,679.3,4.01,1.13,1.96,342.18,2838.53,37888.2
285.03,305.07,16.1,13.45,4.78,507.66,3.71,2.41,1.17,133.97,3280.75,88947.51
182.35,597.55,67.92,6.11,4.97,1315.79,3.86,1.84,1.3,125.94,1005.71,55966.67
263.29,407.54,99.92,9.3,2.12,819.5,3.49,1.43,1.79,371.73,4900.35,38583.17
273.29,297.71,11.28,18.05,3.54,829.46,4.29,1.43,1.74,236.02,4957.12,24379.6
154.88,366.86,50.31,9.74,3.92,2249.49,5.82,2.21,1.85,265.16,4303.55,44280.31
164.66,292.61,46.74,9.28,4.85,1125.69,3.29,1.79,1.06,133.16,1877.56,57148.02
172.48,509.86,73.95,11.39,2.33,1132.94,5.32,1.08,1.01,338.66,2908.59,30470.49
128.0,569.63,85.95,15.65,2.93,1540.65,5.93,2.45,1.22,343.33,1788.97,37083.0
227.12,332.25,93.15,6.34,3.05,2337.04,5.71,1.23,1.37,285.74,1637.58,97441.77
280.82,225.13,12.12,6.28,4.64,887.25,4.25,1.67,1.6,121.52,1907.03,94519.23
279.39,501.58,1.94,9.91,3.51,1050.38,5.73,1.95,1.07,372.7,4831.07,26216.99
194.78,286.51,39.28,7.69,3.31,2415.96,4.51,1.12,1.62,202.07,4423.7,54774.25
118.39,236.0,76.88,8.98,4.07,911.77,3.97,1.7,1.94,379.52,1827.49,48657.52
108.61,379.49,46.06,18.51,4.72,1267.13,4.48,2.34,1.81,101.1,2280.24,53741.94
126.69,239.81,3.78,14.65,2.05,604.69,3.69,2.2,1.85,244.92,2664.28,98228.3
120.13,246.91,29.19,7.59,2.52,2321.67,4.85,1.62,1.93,114.54,1841.1,65271.09
213.5,167.8,40.3,14.74,3.79,1776.28,3.96,1.14,1.43,138.63,4790.49,58013.67
146.38,494.84,49.79,9.65,4.25,2234.3,5.02,1.07,1.57,328.99,1546.01,38293.66
273.56,159.05,75.27,12.11,2.79,514.19,5.46,1.54,1.54,303.19,3810.52,96478.4
194.55,329.87,95.37,14.63,2.19,752.93,5.53,1.54,1.66,241.24,1795.72,68134.93
88.65,336.0,54.66,11.54,3.99,2155.85,5.31,1.06,1.19,260.98,4739.29,86796.54
264.57,286.44,42.94,12.06,1.63,562.14,5.84,1.36,1.24,125.01,4714.03,66378.97
225.08,560.21,34.56,14.32,1.16,873.55,5.49,2.15,1.35,213.04,3134.22,20019.28
129.28,243.7,25.05,17.09,2.12,883.04,4.51,2.3,1.24,123.56,2425.62,79812.15
198.91,517.56,95.96,16.89,3.42,1486.68,3.12,2.48,1.38,145.67,3666.84,42743.06
206.8,414.05,44.57,17.54,2.06,1397.27,4.61,2.0,1.78,218.44,3584.19,32048.88
284.85,322.38,72.95,5.31,1.82,1474.17,5.63,1.79,1.93,245.14,2961.8,29579.74
255.6,261.13,89.96,18.66,4.77,1540.46,5.03,2.17,1.13,280.29,1137.19,59805.29
109.84,232.32,36.5,11.49,3.49,648.86,4.51,1.27,1.57,291.22,3226.84,79063.64
150.51,494.3,43.28,12.26,3.59,536.72,4.96,1.93,1.31,125.74,1363.74,93857.9
230.09,207.2,35.67,13.89,4.34,587.32,3.71,2.33,1.01,160.42,4836.1,69072.15
133.88,180.15,2.82,8.67,4.53,1331.83,5.16,2.38,1.41,157.38,3068.47,92646.69
255.98,179.62,69.26,13.58,4.63,744.96,4.6,2.32,1.41,244.6,1281.84,42251.49
148.01,575.31,28.27,11.91,3.69,824.37,4.46,2.11,1.87,287.88,3676.21,30102.68
287.8,209.66,77.47,8.97,4.73,1939.92,5.26,1.33,1.44,285.34,4079.89,28316.75
291.53,550.6,27.03,17.34,3.07,1423.61,3.94,1.87,1.73,223.28,3516.88,75945.03
235.0,173.38,85.97,11.87,2.05,983.53,4.45,2.33,1.38,324.92,1387.27,58084.54
298.13,496.7,21.05,12.52,1.93,1319.12,5.34,2.16,1.23,376.67,3370.27,50393.94
187.94,422.28,55.99,12.3,3.02,852.82,5.44,1.81,1.13,329.85,4729.78,95784.55
158.03,210.98,51.84,6.69,4.74,867.16,3.76,1.61,1.38,338.4,2825.27,33661.46
135.12,379.1,14.75,14.17,3.26,1929.4,5.81,2.37,1.95,173.41,1526.26,44182.14
276.39,587.42,85.93,6.65,4.79,1346.72,3.03,1.66,1.05,263.16,2354.22,57874.79
212.96,540.96,66.19,11.51,4.28,2311.16,3.36,1.8,1.28,114.12,3674.19,89021.66
111.65,515.59,85.34,18.72,2.06,2307.91,3.96,1.83,1.05,113.16,3881.49,55558.4
132.67,235.69,67.0,5.01,4.22,658.5,3.57,1.58,1.48,206.5,2282.85,97113.28
219.36,160.54,43.02,18.13,2.21,689.11,5.28,1.91,1.57,116.07,1562.0,69803.95
121.76,376.83,54.49,9.25,4.79,2184.93,5.17,1.12,1.11,247.83,1642.85,98261.24
110.67,369.36,36.41,14.59,1.52,1360.63,3.82,2.33,1.04,374.12,4331.98,43805.66
252.59,164.05,96.69,12.9,2.21,1225.17,3.2,2.48,1.04,296.47,2770.94,95913.3
130.35,389.44,48.24,15.54,1.27,887.58,3.64,2.11,1.19,272.05,1860.98,88930.0
286.99,383.32,35.23,8.51,1.2,1037.0,4.96,1.8,1.94,218.88,3775.45,59145.82
190.33,270.5,45.5,12.06,3.83,2381.28,3.99,1.06,1.5,263.34,1673.76,80837.17
296.61,575.6,19.71,18.13,3.82,1407.69,4.62,2.27,1.48,211.96,2972.99,66330.38
117.54,555.41,67.42,14.5,1.4,1708.35,3.36,1.12,1.53,220.84,3355.24,27137.77
171.97,228.65,98.71,13.42,3.75,1150.84,3.28,2.46,1.29,227.14,3599.46,21975.78
257.31,391.46,27.82,5.92,1.65,2290.07,5.06,1.37,1.07,307.18,3289.63,52361.56
156.81,247.57,66.96,19.56,1.7,1694.23,4.27,1.67,1.25,347.54,2941.02,63472.47
143.57,231.81,8.59,15.71,1.78,1880.15,4.17,1.62,1.47,210.31,1402.48,44770.54
224.34,449.6,28.62,11.9,1.77,920.74,3.07,2.35,1.21,168.26,2118.41,30192.65
218.83,183.81,13.42,14.67,2.36,1915.9,4.67,1.38,1.65,134.88,3145.64,54971.85
135.27,421.8,87.13,19.98,3.43,1309.41,3.68,1.39,1.48,210.18,4655.26,49463.64
159.03,322.59,83.66,14.76,3.46,1168.29,5.45,1.06,1.87,253.82,2593.0,59773.38
225.17,155.74,87.16,11.7,2.37,776.49,4.32,1.74,1.4,303.6,2683.59,96913.41
209.84,513.37,10.94,10.96,2.35,1638.96,5.58,1.12,1.07,355.1,1851.4,73500.26
197.15,524.8,12.51,6.95,3.23,2392.76,4.24,1.49,1.61,379.13,4347.71,99638.69
80.08,200.79,60.95,17.31,2.14,978.42,5.36,1.08,1.37,251.74,3241.39,78289.21
154.84,425.71,58.54,13.21,3.56,1018.9,3.25,1.18,1.22,250.06,4361.77,76103.47
252.53,307.94,40.47,10.91,1.77,622.43,4.77,2.48,1.17,114.01,4118.13,40206.88
261.67,466.77,94.57,11.13,3.65,1429.71,4.89,1.67,1.19,252.37,3114.34,84848.31
240.49,448.71,11.34,15.81,3.0,2288.2,5.76,1.08,1.82,111.31,2468.68,63384.0
108.32,485.84,0.84,7.53,3.32,1928.78,5.75,2.06,1.67,218.3,1005.14,29612.74
195.27,453.81,41.74,15.96,3.09,648.35,3.58,2.26,1.72,368.43,1470.23,99217.8
122.12,155.3,99.74,9.22,3.67,853.36,4.74,2.36,1.32,301.08,1751.61,69983.63
150.7,245.04,31.32,7.68,4.61,1294.37,3.74,1.67,1.32,323.33,4884.88,55042.69
268.73,404.64,15.72,15.36,3.05,1801.21,5.67,1.66,1.9,325.2,2954.42,68257.77
148.26,592.62,66.74,5.66,2.31,1746.63,3.17,1.04,1.45,199.81,2753.19,41015.46
112.06,460.11,51.46,8.0,2.28,1683.62,3.22,1.22,1.07,343.7,4009.64,80265.03
236.17,451.22,47.7,14.63,1.15,1742.93,5.33,1.75,1.36,183.23,3571.21,75424.1
270.97,304.05,76.98,13.42,4.53,1555.62,4.55,1.87,1.75,389.41,1294.25,24274.77
285.95,388.44,61.49,12.24,1.37,2036.18,5.24,1.47,1.31,351.35,1289.43,90488.41
132.75,416.84,93.6,15.17,2.66,1879.07,4.03,1.42,2.0,325.24,3578.88,48423.17
86.06,163.98,55.42,16.43,3.15,2181.57,3.1,1.55,1.24,234.18,1289.51,96330.53
125.23,565.04,42.59,19.78,3.22,2361.67,3.02,2.12,1.9,141.92,1384.5,53965.81
285.08,394.07,52.75,7.12,1.0,2120.28,3.26,1.95,1.91,162.6,3661.09,26295.89
210.84,223.77,73.6,9.52,2.85,1698.86,3.51,2.11,1.3,298.71,1633.13,75049.41
103.84,341.41,24.72,16.23,2.05,2263.43,5.68,1.29,1.61,126.32,2566.15,77065.74
223.37,431.12,28.25,10.67,1.41,1938.05,4.51,2.06,1.25,197.33,2336.86,22059.39
151.74,511.49,89.73,12.77,2.82,561.65,5.64,1.02,1.94,246.76,2367.74,93937.47
80.49,411.64,54.89,8.29,2.72,1804.53,5.18,1.0,1.94,149.36,1934.32,41077.88
83.51,205.37,98.63,9.73,1.46,713.98,5.16,2.28,1.26,106.27,1892.36,24521.26
98.26,344.18,22.99,12.74,2.01,2381.07,5.72,1.85,1.35,214.34,2647.41,78206.35
176.62,535.53,94.41,10.04,3.24,690.11,3.6,1.62,1.21,362.97,1633.15,56452.87
211.28,461.34,38.31,18.04,3.27,1379.02,3.2,1.7,1.82,284.36,4328.65,59520.93
101.65,156.14,30.32,15.47,4.16,1091.51,4.49,1.63,1.41,169.4,1545.48,35735.08
87.45,239.16,0.92,14.41,2.27,2446.29,3.58,1.52,1.36,102.54,4356.83,22559.56
286.54,551.43,53.55,13.15,3.62,1274.1,4.94,1.07,1.05,237.17,3198.49,91025.41
98.55,520.19,21.0,10.91,2.27,1300.31,3.45,1.76,1.8,232.46,2962.45,87901.41
233.86,370.7,25.77,18.27,3.31,942.3,3.81,2.2,1.04,397.63,1521.41,83685.48
163.82,371.5,88.07,11.19,3.15,598.6,3.01,1.37,1.68,136.38,1455.05,52876.85
220.76,470.43,17.85,6.19,4.76,1021.33,5.56,2.3,1.77,150.65,4287.21,81540.04
209.26,301.74,26.25,6.83,3.04,1670.52,4.08,1.71,1.36,292.3,4605.04,33113.62
160.82,213.39,62.49,15.93,4.73,1057.74,5.85,1.09,1.6,117.14,4575.1,62384.72
225.6,524.21,15.03,5.58,4.52,1129.87,3.39,1.7,1.6,109.29,2099.58,22623.99
169.58,552.8,98.27,14.56,1.65,2311.7,4.55,1.23,1.92,327.24,3926.82,76734.46
120.08,244.95,68.83,8.3,2.75,2064.0,5.35,1.68,1.79,351.59,3619.1,38274.07
136.65,291.68,11.68,9.1,1.84,1410.66,5.73,1.16,1.72,306.18,1383.02,93805.79
202.91,313.68,75.65,8.86,3.77,579.42,5.52,1.67,1.64,166.37,3708.29,81779.22
181.47,427.98,45.63,18.41,2.99,2183.62,5.4,1.62,1.23,221.82,4304.87,38210.6
193.0,512.74,35.35,14.63,1.98,718.56,5.38,1.15,1.27,356.53,2385.88,97843.63
295.44,270.72,4.1,15.58,2.8,701.51,5.12,1.05,1.87,141.6,1509.25,34053.78
291.06,461.93,80.14,10.96,2.35,968.97,4.44,1.83,1.63,177.14,4794.62,33580.68
292.27,156.69,48.11,10.0,2.8,1641.33,4.31,1.62,1.73,305.76,4333.09,39996.72
212.14,413.34,36.97,12.29,2.26,783.69,3.64,1.16,1.68,298.22,4802.43,78374.27
86.71,547.91,86.27,11.65,3.34,2452.16,4.6,2.36,1.08,157.32,2763.02,66780.54
258.65,594.72,38.89,5.71,4.2,1708.76,3.6,1.74,1.74,331.12,2998.47,44417.16
294.09,448.51,40.82,9.21,3.92,984.37,3.52,1.79,1.29,288.67,1471.75,72395.29
138.74,150.11,12.69,19.0,4.47,967.22,5.34,1.91,1.97,212.08,3725.84,25082.86
164.16,583.72,53.9,9.32,1.48,1907.06,4.93,1.56,1.95,106.66,2214.9,93685.56
147.21,263.51,53.42,17.36,1.41,2386.04,5.39,1.27,1.71,215.49,2609.18,82663.21
291.63,207.0,42.06,12.21,2.51,1226.38,3.16,2.03,1.44,158.44,4264.13,84204.86
184.44,284.3,63.81,9.32,1.94,1961.03,3.12,1.14,1.01,145.88,1275.96,99664.19
139.98,217.17,24.1,19.04,3.08,1229.64,5.62,1.59,1.34,162.18,2511.19,45334.75
227.39,280.31,57.72,5.99,1.77,1314.81,5.81,1.57,1.66,176.53,1508.13,24682.93
143.72,220.95,17.4,16.41,1.06,1615.62,4.14,1.76,1.56,194.01,2180.44,78672.15
271.04,236.66,9.76,18.47,2.4,1602.63,4.08,1.19,1.59,257.54,1811.97,56149.52
254.31,415.69,9.69,13.22,3.81,2085.41,4.89,1.23,1.71,303.2,1097.71,52939.81
149.91,451.24,21.61,13.86,4.65,2095.6,5.76,2.47,1.01,286.82,2651.36,88788.36
131.66,591.46,61.37,16.9,1.34,866.92,5.28,1.03,1.82,104.18,3628.48,49207.51
212.59,463.21,34.25,6.62,1.28,1677.87,4.56,2.11,1.51,226.73,2592.35,22115.75
150.5,589.21,87.36,9.94,3.35,2194.59,4.32,1.03,1.07,253.12,4877.76,75456.76
90.96,235.21,77.13,17.62,3.47,1788.85,3.09,2.24,1.79,177.71,3834.71,37188.37
84.07,240.51,17.86,10.07,2.67,1517.08,4.43,1.41,1.03,281.53,2582.98,43893.77
270.06,486.03,85.78,12.42,1.52,1892.44,3.62,1.66,1.07,347.59,1503.76,92247.8
269.45,359.06,74.44,14.29,4.21,1363.61,5.36,1.69,1.94,245.91,2850.48,82805.75
259.85,399.52,17.98,12.02,4.87,2005.97,5.43,1.05,1.47,293.99,4320.13,23941.89
266.8,396.78,19.73,9.76,2.13,1561.72,3.16,1.24,1.81,139.78,1933.59,56269.65
191.35,493.62,44.73,16.85,3.47,726.2,3.47,1.66,1.4,323.06,3322.95,51050.65
113.42,252.08,57.55,11.35,3.06,841.35,4.99,2.28,1.26,247.45,4902.11,46659.34
208.89,190.59,60.6,6.34,4.84,1931.33,5.36,2.06,1.59,234.97,4433.49,96546.85
187.28,569.19,58.33,13.08,2.82,918.58,3.01,1.36,1.51,213.99,2793.94,98451.86
153.81,353.48,13.35,5.72,4.1,1641.37,5.28,1.22,1.57,176.09,1912.25,20922.08
104.33,289.17,11.69,19.79,2.23,760.65,3.6,1.88,1.06,358.73,4846.0,39739.79
176.27,159.96,64.07,11.21,2.08,913.67,4.96,1.62,1.18,306.73,3260.29,88693.76
101.43,503.55,67.35,6.73,3.78,1383.09,5.83,1.21,1.64,214.59,4827.26,46397.99
291.49,555.67,27.04,17.05,4.98,1005.33,4.31,1.78,1.29,104.58,1880.52,42554.95
174.81,227.0,87.33,15.57,1.34,1800.18,4.96,2.43,1.0,174.38,4711.17,94570.71
237.13,494.59,9.15,12.71,1.93,862.44,5.43,1.2,1.47,381.57,1743.33,98239.47
298.71,400.03,17.01,9.74,2.7,1118.65,3.84,2.46,1.15,320.0,1001.64,67694.61
281.09,279.57,18.55,14.78,3.85,1876.06,3.96,1.38,1.96,376.99,2829.27,87695.51
176.77,340.98,15.68,11.4,3.15,545.01,4.33,2.17,1.68,290.55,4638.22,21442.56
200.34,504.31,54.13,9.86,1.55,2275.13,4.41,2.32,1.59,302.26,4217.04,72732.44
164.56,381.14,80.3,10.6,2.55,691.38,5.74,1.14,1.65,223.96,2622.48,74364.15
90.1,417.17,77.2,17.42,1.68,2294.84,4.97,2.32,1.49,262.61,4676.15,91992.76
175.84,273.49,39.32,10.82,2.15,1037.16,5.58,1.1,1.68,151.85,2378.02,24923.44
135.74,495.79,88.5,8.32,2.85,1440.65,5.62,2.14,1.51,301.22,4389.42,20763.12
165.65,558.26,74.03,13.14,3.12,1195.54,4.56,1.98,1.42,314.25,4444.93,32374.79
176.6,333.61,68.75,8.75,3.56,2254.98,4.25,2.37,1.99,131.83,1932.21,96030.38
290.62,193.97,1.5,7.42,4.98,860.0,4.51,2.27,1.02,281.35,2108.1,88986.79
138.78,459.04,67.42,8.32,1.14,1318.5,3.87,2.21,1.8,237.11,3426.05,68340.76
261.11,341.25,27.54,8.98,3.14,1398.3,4.32,1.14,1.72,164.12,1787.81,53020.67
126.25,412.74,37.15,11.73,3.15,907.07,3.47,2.32,1.43,223.63,1142.45,59838.1
199.69,401.48,70.7,7.66,2.01,2121.46,5.84,1.2,1.5,164.25,1240.29,46040.27
107.33,469.47,53.37,7.16,1.04,2116.31,3.53,1.91,1.34,275.65,2262.61,26955.16
125.16,234.63,42.8,14.87,2.06,524.14,4.56,1.91,1.96,276.84,2884.69,65872.13
283.78,522.77,32.3,8.56,2.05,1508.84,5.23,1.75,1.07,317.07,4223.88,43159.83
224.43,341.97,88.91,17.68,3.1,1883.01,5.65,1.74,1.31,326.1,1880.27,51082.49
269.79,475.99,40.38,8.22,2.42,1068.21,3.53,2.11,1.25,236.25,2543.44,98566.19
163.0,185.99,8.98,13.86,3.4,1337.52,4.3,1.08,1.52,251.42,1598.2,28307.15
102.8,195.46,60.97,7.95,2.01,847.14,5.87,2.28,1.23,198.27,1839.57,59350.08
79.41,452.12,52.32,18.48,1.66,2108.22,5.38,1.19,1.4,151.05,2018.88,41059.69
200.15,335.13,94.77,6.9,4.89,961.28,5.32,1.51,1.14,357.37,2235.44,72708.43
202.45,362.29,49.58,15.98,1.35,1836.36,5.69,1.09,1.14,314.99,2749.13,52283.89
105.82,378.05,12.65,12.15,4.05,1016.53,4.44,2.49,1.69,352.41,2659.39,81428.87
84.11,205.31,20.31,11.03,4.38,1192.53,4.96,2.06,1.59,207.17,3308.21,47381.25
93.87,596.76,12.72,6.09,4.51,1103.67,4.95,1.49,1.39,178.63,2372.18,52856.03
237.09,380.19,94.36,5.63,3.01,1668.45,5.76,1.07,1.57,356.09,1967.71,90103.39
79.28,479.6,93.31,14.86,2.76,589.76,5.76,1.71,1.03,306.95,2927.35,29947.63
123.21,179.02,57.43,14.33,3.02,2134.2,5.58,1.92,1.01,308.57,2672.0,65244.6
221.04,307.61,91.71,7.01,3.69,508.72,5.77,1.17,1.09,199.9,2494.27,37144.01
206.65,349.31,3.42,9.79,4.24,1879.4,5.17,2.05,1.31,129.9,2089.87,86542.82
295.61,372.23,0.97,7.1,2.29,1657.17,3.23,2.42,1.37,373.78,4122.09,80434.98
211.51,432.05,63.8,14.43,3.21,2472.83,5.2,2.17,1.87,164.69,1335.22,58631.55
190.67,523.13,44.38,13.56,3.11,576.41,4.85,2.24,1.16,278.3,3374.44,33134.8
102.78,591.02,39.37,8.41,1.69,1835.2,4.83,1.97,1.09,368.06,2557.07,45069.55
179.03,325.53,86.36,18.94,2.21,2227.87,5.34,2.4,1.25,273.09,2098.18,85927.56
76.2,404.17,33.92,9.84,3.58,2202.97,4.83,2.28,1.26,255.85,2802.15,20931.59
200.28,447.69,59.19,16.04,3.29,633.5,3.35,1.89,1.27,123.89,2718.41,64345.81
148.97,474.2,64.38,9.99,4.02,1797.39,4.91,1.83,1.01,308.95,2504.17,95408.78
259.05,414.46,25.22,8.06,2.36,1453.14,3.89,1.77,1.17,393.31,1431.7,94555.53
280.56,386.41,72.49,11.54,3.52,1181.15,3.9,1.87,1.5,273.86,2146.64,49356.63
93.88,173.52,25.35,6.11,1.42,2125.86,3.12,1.99,1.27,361.46,2939.97,44446.12
191.47,321.88,56.43,6.72,4.99,1351.11,4.04,2.07,1.36,349.98,2817.08,77564.67
99.18,530.75,73.57,8.18,1.58,1132.58,5.93,1.39,1.46,109.01,2588.91,65705.6
289.45,382.53,81.91,13.21,1.16,1130.02,4.73,2.43,1.86,168.51,1880.44,36093.84
282.56,533.7,77.49,10.89,3.02,1428.66,3.76,1.76,1.03,139.54,4546.36,80134.38
170.15,382.72,37.0,16.11,4.14,2026.57,5.17,1.31,1.34,240.95,2323.17,80395.22
149.1,212.2,39.9,19.7,1.9,1724.32,4.3,1.11,1.49,310.65,3052.88,89768.49
140.01,188.81,93.66,10.67,3.31,2084.01,3.97,2.07,1.14,187.39,1578.84,84898.44
125.1,472.83,94.33,12.92,3.16,1422.07,3.98,1.71,1.6,395.8,4751.06,88972.24
275.05,360.53,65.74,18.43,2.57,2423.52,4.25,1.9,1.71,385.18,1978.47,79690.48
192.18,270.85,77.66,13.28,3.64,1145.8,4.44,1.93,1.4,159.51,4846.56,60917.4
240.13,334.97,35.51,11.11,2.64,1588.36,4.63,1.75,1.13,248.82,1676.42,30090.86
284.85,422.23,65.95,11.03,4.64,1775.86,5.31,1.55,1.96,346.14,4415.79,33775.54
135.97,278.53,27.09,17.83,1.13,652.2,3.82,1.3,1.23,339.38,3252.51,20461.65
171.6,333.55,11.39,15.14,3.81,1941.79,5.19,1.0,1.95,344.26,4615.93,21251.46
285.12,514.4,83.72,6.4,3.96,2419.83,5.04,1.86,1.95,232.88,3397.17,58107.06
284.89,184.24,50.11,15.3,4.17,1666.04,5.73,2.41,1.06,220.71,1093.84,46353.33
195.8,559.86,84.66,6.91,1.37,1678.53,4.6,1.4,1.9,378.21,2610.45,91224.2
161.39,481.57,47.59,6.84,4.71,1408.19,5.2,1.55,1.02,130.16,2984.88,75197.15
150.32,462.97,69.86,15.56,2.97,2329.77,4.47,1.68,1.2,192.3,1169.34,70682.82
130.92,286.87,77.08,9.91,1.97,838.12,5.32,1.19,1.45,252.08,3749.56,70662.68
257.41,170.14,29.64,9.2,1.58,1078.36,3.93,1.78,1.66,214.33,3877.88,46893.23
140.31,393.53,2.37,6.2,2.67,2385.83,5.16,1.13,1.85,319.69,3443.79,85623.44
165.92,249.68,51.2,13.23,3.15,1630.15,5.85,2.35,1.88,340.43,4773.71,27879.57
134.65,372.78,84.65,12.58,3.99,777.92,3.76,2.1,1.16,205.41,2059.47,47988.94
234.37,315.53,55.53,6.5,4.22,1239.78,4.95,2.09,1.21,365.4,3464.9,54298.01
116.03,574.04,75.51,8.12,2.35,2119.35,5.09,2.15,1.44,314.94,2545.97,36901.03
217.35,589.21,31.06,11.91,3.7,1583.01,5.53,2.14,1.06,399.53,4009.61,89112.27
221.52,535.33,11.24,10.22,4.51,903.31,3.23,2.18,1.84,148.8,4417.38,74941.42
192.02,523.61,41.92,7.91,2.14,1510.33,4.59,2.21,1.79,274.41,4123.14,35341.88
86.26,543.14,7.56,8.7,3.78,1318.9,5.63,1.45,1.01,190.2,3312.3,50075.07
195.35,544.47,91.25,8.99,2.85,1598.29,5.85,2.5,1.24,318.09,2512.12,20648.66
77.08,357.25,48.83,5.34,3.75,1088.01,4.68,1.45,1.17,222.15,1929.09,62784.08
119.74,378.78,15.74,15.06,4.02,720.79,4.4,1.11,1.6,179.32,3110.5,61396.88
282.98,397.09,58.3,11.02,4.8,2054.37,3.86,2.27,1.43,348.6,4291.55,35109.61
232.76,280.79,29.75,9.45,3.9,959.65,3.0,2.07,1.17,131.34,1950.06,50392.04
182.08,170.06,97.06,15.74,2.29,1137.39,4.35,1.94,1.15,156.68,4437.74,40500.39
160.54,542.07,66.31,10.13,3.73,539.37,5.21,1.73,1.81,386.39,4703.15,92741.2
190.24,312.06,46.5,15.35,4.54,913.97,5.75,2.22,1.98,364.08,2119.75,28476.47
100.25,281.05,61.42,17.06,4.6,1747.51,3.02,1.28,1.1,209.0,3005.4,23471.77
153.41,230.63,64.71,11.96,2.98,1355.38,5.87,1.32,1.52,320.81,3227.38,94321.67
160.04,358.65,8.85,14.13,2.15,820.62,4.63,1.8,1.08,309.46,3495.09,35121.38
180.62,474.15,52.94,10.93,2.29,1720.79,5.82,2.01,1.07,238.21,4563.3,27556.99
297.5,577.08,7.83,19.0,2.45,2189.42,4.26,1.66,1.63,332.34,1135.16,67452.48
117.01,305.68,34.8,12.04,2.34,714.72,3.44,1.05,1.47,386.33,1462.7,95701.16
240.01,436.87,64.53,17.4,1.43,1509.51,5.09,1.88,1.83,121.68,3762.8,62722.22
160.31,303.12,62.08,18.36,2.98,2149.45,4.21,1.15,1.06,115.4,2520.6,46979.02
236.54,484.27,5.09,8.32,2.1,1595.22,3.43,1.2,1.94,341.26,1722.62,52525.42
155.01,505.95,51.02,6.92,3.96,1293.78,3.79,1.56,1.5,202.93,1967.62,51880.16
79.31,497.62,17.09,5.66,3.61,2047.87,5.44,1.74,1.21,321.17,3798.85,39701.66
278.27,196.97,98.27,17.9,3.75,2377.5,5.17,1.29,1.44,121.45,2558.63,79328.24
161.95,298.63,59.54,18.08,1.19,1270.94,3.47,2.04,1.11,299.44,2144.72,35913.35
285.68,158.34,43.78,5.32,2.93,1502.09,3.96,1.2,1.38,301.68,4129.58,62460.05
207.71,240.28,28.73,7.43,2.0,949.77,4.56,1.84,1.94,158.67,3566.7,85380.74
201.05,264.75,26.26,5.59,2.22,1989.21,3.14,1.33,1.71,334.8,2821.27,75845.95
162.29,221.96,39.81,13.7,4.79,637.5,4.52,1.49,1.51,107.19,2252.1,85589.45
199.64,352.76,28.55,9.47,2.53,2171.14,5.9,1.66,1.39,353.97,2707.62,64161.45
126.96,484.58,53.2,17.14,4.12,930.01,5.15,2.2,1.35,151.78,1010.53,56072.29
154.3,399.71,18.8,17.89,2.03,952.86,4.44,1.75,1.22,181.56,1678.82,77476.81
248.27,358.05,71.41,16.04,1.55,2432.36,5.46,1.31,1.19,137.7,1553.51,79852.94
180.67,502.32,74.63,14.07,3.75,536.71,3.94,1.96,1.01,109.89,4407.55,74721.99
134.71,459.58,79.25,9.6,1.14,2365.56,4.04,1.16,1.49,330.54,1886.59,41559.2
129.61,596.25,19.74,13.63,4.7,793.79,5.91,2.42,1.88,164.37,3536.22,80871.32
296.86,231.19,76.6,10.08,1.7,1342.75,5.38,1.7,1.54,398.55,2596.44,69232.06
157.18,326.75,69.56,19.07,3.17,2036.8,3.27,1.32,1.5,106.0,2011.42,61392.1
78.37,269.05,51.4,13.6,4.7,1790.69,4.24,2.4,1.78,160.0,1523.37,74064.93
200.97,505.35,73.88,14.38,4.95,1567.18,3.34,2.24,1.25,333.19,4828.43,75743.64
209.11,357.17,36.44,10.3,3.55,2002.55,5.04,1.3,1.49,337.49,2902.82,62929.86
248.51,447.57,40.93,18.43,1.65,2491.03,3.36,1.02,1.89,173.49,3918.8,84881.23
268.27,596.22,29.4,15.65,1.46,1313.62,5.54,1.55,1.59,251.13,3583.81,97831.55
87.54,408.28,86.3,12.22,1.31,1621.08,4.0,1.23,1.85,256.48,4733.11,84481.32
230.92,152.26,42.78,7.96,4.64,849.17,3.86,1.78,1.26,162.96,3396.4,27114.36
88.09,317.51,72.07,13.32,2.69,1631.5,4.1,2.4,1.05,302.02,4565.13,84310.78
116.41,283.17,71.7,6.26,4.25,1937.81,5.19,1.15,1.72,303.95,4323.69,23327.68
80.2,317.85,14.88,13.38,4.67,1282.96,5.53,1.0,1.17,109.13,2312.59,92655.17
96.81,422.88,45.15,19.08,1.49,924.06,3.09,1.65,1.28,360.97,3419.76,69127.26
194.68,191.33,44.5,19.99,4.34,2286.92,5.47,1.15,1.23,100.94,2214.04,28688.59
181.38,454.71,87.45,16.24,4.75,607.8,3.04,1.99,1.29,176.05,2323.55,41583.68
190.07,348.07,51.24,15.09,2.55,1002.62,3.5,1.52,1.74,327.01,3667.62,38722.25
207.32,406.81,48.43,13.25,2.97,1630.91,5.15,1.16,1.75,140.77,1266.51,98086.37
290.32,177.2,44.33,7.79,2.94,2160.35,5.85,1.95,1.35,281.0,2248.01,92785.89
270.84,401.2,32.48,9.4,1.13,2131.64,4.35,1.49,1.47,345.62,1498.46,88612.48
276.94,576.02,39.75,8.26,2.49,1165.82,3.53,1.91,1.48,359.71,1128.44,71509.43
246.66,491.77,88.61,15.94,4.71,1165.31,4.51,1.02,1.01,172.04,1403.23,40816.91
114.83,162.83,90.93,5.12,3.94,804.3,5.74,2.34,1.65,301.67,1021.36,98789.73
272.51,552.8,65.92,10.17,4.57,1083.03,4.69,1.15,1.92,142.23,1899.59,64650.73
246.92,428.71,23.21,5.01,4.03,2470.41,5.43,1.69,1.9,222.95,3099.74,58170.38
175.72,498.84,52.68,9.75,2.03,575.49,4.75,1.34,1.15,296.15,3724.84,80172.39
188.3,552.32,93.63,17.11,3.54,1107.44,5.95,1.41,1.2,232.65,1227.36,98279.56
207.4,400.63,65.58,12.46,1.13,1724.62,5.15,1.63,1.76,168.1,1885.11,32913.36
158.7,531.16,82.79,10.74,3.36,1941.63,3.72,1.25,1.97,285.27,4925.66,47020.48
233.18,250.17,26.12,12.68,2.28,835.24,3.79,1.05,1.7,247.63,1376.97,33735.52
98.07,425.67,9.42,16.31,1.08,998.75,5.67,2.08,1.07,346.34,2972.14,87742.64
210.17,456.82,99.35,8.49,3.5,1420.64,3.12,1.02,1.12,294.73,3268.65,64274.36
82.17,361.19,92.46,10.96,3.5,2059.64,5.35,1.78,1.86,217.41,4554.77,39218.17
138.05,173.9,79.56,11.26,1.92,963.58,5.7,2.25,1.55,284.83,2897.3,51333.32
280.98,206.53,41.84,10.17,2.99,1415.26,4.56,1.21,1.51,172.73,1737.33,25186.74
246.6,342.35,62.66,15.91,3.72,1441.0,4.16,1.56,1.64,248.44,4396.53,89976.16
113.38,211.31,63.04,9.52,1.07,2277.29,3.68,2.39,1.72,328.8,1805.85,38735.55
192.29,227.44,30.54,9.82,1.64,910.37,5.37,1.25,1.03,288.81,4903.93,46497.11
101.7,406.67,90.64,16.76,3.49,1130.11,4.63,1.14,1.68,317.53,4860.13,40831.79
79.15,395.52,70.68,16.86,1.77,1023.51,4.54,1.5,1.86,242.13,4198.31,66449.58
248.95,299.7,83.14,9.12,3.18,928.01,4.43,1.48,1.27,390.1,1640.3,82986.07
296.44,158.96,69.9,8.79,1.16,1305.78,5.81,1.02,1.59,250.42,4493.54,26720.14
228.34,456.05,66.91,19.14,4.29,583.95,4.41,1.6,1.31,235.4,2536.78,54586.71
295.33,189.88,92.22,12.2,3.49,2160.37,4.08,1.65,1.41,212.42,4702.12,86314.39
99.52,198.66,42.79,6.48,3.48,787.38,4.57,1.01,1.32,303.16,2936.16,98261.56
271.67,311.58,4.55,17.68,4.64,2141.25,3.38,2.5,1.26,317.26,4632.14,38854.97
279.36,289.27,97.64,9.22,4.81,607.09,5.13,1.8,1.48,167.05,3822.38,35264.76
199.39,263.96,95.56,5.43,1.8,984.62,4.24,1.35,1.49,361.74,3848.25,66396.96
95.03,462.3,16.64,16.8,2.0,1334.1,4.05,2.29,1.13,269.69,1568.25,76383.67
278.64,345.57,48.81,18.91,3.08,1475.2,4.73,2.03,1.11,346.33,2742.02,25787.88
251.89,319.63,10.04,14.51,4.52,2275.51,5.87,2.3,1.0,214.07,4274.17,49300.24
210.35,422.84,36.5,18.57,3.01,1429.57,5.99,1.74,1.18,253.92,4256.07,82148.83
252.43,468.61,25.42,17.93,4.57,888.31,3.39,2.46,1.87,367.97,4545.51,63334.95
220.44,395.41,5.12,16.18,3.02,1795.42,4.51,1.74,1.17,183.61,1635.41,35653.3
293.92,218.9,26.93,13.86,3.44,807.95,5.38,2.18,1.24,186.6,4751.95,86053.72
232.0,187.0,41.83,13.39,1.75,1396.45,4.8,1.49,1.78,352.13,2294.44,87092.57
98.3,526.98,15.28,6.24,3.57,1443.87,5.72,1.54,1.29,250.22,2823.78,47554.24
231.09,491.8,85.3,19.59,2.07,1932.19,4.18,2.02,1.48,398.13,3915.61,96199.3
262.87,556.31,81.44,11.89,2.01,1240.64,3.06,1.79,1.51,257.58,4896.12,92916.32
111.39,316.0,42.4,10.41,4.19,1548.08,4.72,2.28,1.81,139.66,3855.66,54834.89
141.3,172.51,48.72,10.33,2.01,1889.34,5.31,1.37,1.05,354.63,1039.84,94969.0
216.21,294.83,24.65,5.14,1.94,775.46,4.84,1.25,1.53,277.03,2192.17,22805.2
83.38,161.86,73.91,9.77,4.19,1363.47,4.36,1.77,1.71,182.05,1486.35,64484.59
148.57,349.12,64.69,12.41,3.48,1588.4,5.22,2.06,1.53,303.67,4494.24,54581.7
167.87,493.91,58.26,6.07,4.57,561.57,5.25,2.14,1.95,116.24,3387.43,54227.25
149.39,190.64,56.27,12.19,1.42,1724.98,5.21,2.15,1.91,222.84,4812.29,89234.35
141.71,221.68,43.54,11.03,3.3,1666.77,5.25,1.76,1.1,357.49,2239.06,97703.8
101.52,581.21,9.1,8.47,1.19,1910.23,5.55,1.65,1.93,277.09,3520.03,87633.54
141.78,309.42,90.6,18.51,4.91,2303.68,3.38,2.24,1.41,397.24,2889.12,64306.89
194.2,294.78,7.5,18.43,4.21,779.05,5.33,1.94,1.41,176.21,4438.92,76015.06
198.24,424.31,9.11,12.11,1.77,916.77,4.98,2.37,1.4,162.32,3594.99,89694.96
243.37,540.94,53.66,16.28,1.56,1196.55,4.17,1.77,1.93,362.29,1538.1,33823.17
155.47,280.83,61.48,18.54,4.85,1807.21,5.51,1.79,1.21,257.41,3220.33,79396.61
124.47,315.74,36.4,19.39,2.78,2010.19,5.25,1.4,1.57,368.29,2900.79,95609.4
123.25,183.37,89.15,17.72,4.97,1858.79,5.81,2.24,1.84,270.74,2529.46,94764.65
172.23,392.47,44.61,13.47,2.88,595.94,5.65,1.67,1.59,141.76,1013.55,39623.21
233.53,194.64,90.89,8.23,1.82,863.02,3.04,2.16,1.88,284.25,1752.8,42822.24
182.08,579.46,24.74,15.97,2.76,1095.69,4.37,1.11,1.8,172.99,3901.65,25467.87
289.9,236.86,88.27,17.14,4.87,1455.78,5.18,1.56,1.18,232.92,1663.0,98563.57
96.66,415.15,62.65,13.07,3.65,732.36,4.67,1.43,1.94,328.62,4890.06,23004.49
139.15,237.94,1.12,8.63,3.72,962.18,4.53,2.33,1.69,218.39,2489.88,56458.87
114.83,435.3,36.42,17.79,4.03,1721.03,4.09,1.31,1.78,245.92,1899.0,35613.97
112.22,499.72,22.9,12.9,2.81,1659.22,5.63,2.3,1.45,104.61,2705.78,68495.48
200.5,443.1,15.41,14.7,1.73,2001.05,4.02,2.06,1.05,222.36,3820.14,38149.64
253.94,433.85,58.76,10.3,2.93,1694.7,4.42,2.05,1.43,160.68,1855.74,20464.3
142.72,487.01,79.42,8.04,4.84,1504.81,5.75,2.06,1.72,125.51,1879.96,20705.19
236.13,305.0,78.67,10.08,4.28,761.4,3.52,1.51,1.41,204.61,4054.59,27756.11
154.02,526.76,6.68,19.14,4.95,677.14,3.87,1.56,1.78,278.78,3577.46,80600.79
101.55,524.94,70.56,13.66,4.56,1900.61,3.61,1.64,1.49,116.57,4818.55,30286.18
231.93,377.8,2.56,18.87,4.41,1548.52,3.69,1.18,1.36,176.63,3026.76,97312.74
204.36,550.47,65.09,12.13,4.42,1442.74,5.61,1.44,1.13,356.59,3349.66,91127.39
286.01,174.13,50.1,10.62,3.5,2087.18,3.84,1.84,1.71,140.33,4256.27,68488.77
288.65,302.79,10.81,12.6,1.34,2439.05,3.12,2.13,1.53,210.59,1263.37,69773.35
206.67,276.4,91.02,9.56,2.8,1587.52,3.3,2.4,1.37,124.23,2549.16,68016.2
190.57,462.54,5.55,9.27,4.28,659.79,5.57,1.14,1.83,208.24,3448.84,32230.97
89.89,247.17,12.79,9.69,3.06,1677.52,5.37,1.98,1.61,223.53,2895.23,53161.67
264.49,253.5,0.57,14.77,1.81,2280.23,5.58,1.12,1.11,248.55,3436.89,41992.67
236.28,417.71,32.48,5.38,4.0,929.51,5.5,1.63,1.58,361.88,4454.49,49721.57
122.0,498.82,43.31,7.88,4.62,896.21,3.08,1.03,1.62,298.5,2244.17,45600.88
151.39,456.07,5.81,18.94,1.89,2499.35,3.51,2.16,1.22,124.25,4499.73,88700.1
165.8,466.08,55.71,17.79,2.26,1547.34,4.46,1.53,1.89,149.76,1598.03,66152.76
222.94,237.58,39.07,19.2,1.99,1836.72,5.22,1.67,1.94,321.0,2831.7,65546.82
230.84,416.49,87.87,10.35,2.2,927.68,3.11,1.06,1.87,303.52,3642.13,69171.43
266.07,366.12,87.04,10.39,4.71,1897.31,3.77,1.85,1.53,141.37,3364.97,45182.85
86.78,576.9,64.15,18.15,3.7,1213.97,4.54,2.01,1.96,176.1,4499.91,93926.22
225.84,569.07,39.79,19.3,3.81,584.01,5.72,1.73,1.46,269.94,1597.54,57533.28
262.0,156.97,27.29,5.04,2.66,1956.63,5.4,2.42,1.61,176.39,4696.59,82025.26
204.25,463.04,92.43,15.69,2.47,1926.06,3.12,1.58,1.41,150.05,1092.34,30670.5
222.29,511.03,98.82,10.2,3.4,2374.29,3.5,2.08,1.75,126.69,4445.0,85048.4
82.52,190.99,4.91,10.02,3.04,1564.7,3.8,2.37,1.37,113.67,2200.91,62488.75
166.85,273.23,13.13,17.29,4.98,1159.08,4.14,1.93,1.72,217.61,4619.72,64800.32
176.34,441.0,95.28,16.92,1.16,1164.62,4.41,1.47,1.7,347.88,3925.38,99146.66
136.32,543.75,76.66,10.43,3.94,708.15,5.37,1.8,1.29,296.73,3566.48,36758.9
81.84,345.13,56.95,18.15,4.71,1557.61,5.26,1.66,1.75,161.44,2484.26,70738.24
79.09,475.11,83.55,10.99,2.79,2202.56,5.33,1.43,1.32,303.66,3252.79,32978.37
144.73,554.99,68.82,19.79,4.07,2383.95,3.65,2.16,1.02,301.23,2877.13,47740.81
269.04,534.42,2.23,14.14,2.47,1331.32,5.5,1.46,1.94,153.89,3650.89,73768.41
131.74,296.14,83.48,16.43,2.32,1567.91,3.19,1.31,1.49,125.79,4373.33,77440.5
287.32,462.06,94.04,13.32,3.4,2453.94,4.93,1.05,1.72,371.64,4182.32,66706.66
226.04,595.59,9.07,15.01,2.13,1780.18,4.82,1.23,1.21,286.49,1512.92,41214.47
262.93,297.19,48.81,19.12,1.91,1279.25,4.82,2.13,1.9,374.64,4106.56,38266.47
80.58,322.7,14.15,15.66,3.64,587.94,5.51,1.37,1.43,300.38,2717.68,55303.02
89.77,330.65,76.48,18.73,2.65,1347.17,5.11,2.41,1.27,232.04,4183.89,68775.49
99.88,432.48,18.67,12.65,3.12,2252.41,4.39,1.42,1.23,362.28,1684.04,54069.48
117.11,497.99,47.44,10.27,2.44,2204.43,4.66,2.08,1.9,370.52,2314.04,96196.1
80.6,319.58,89.58,9.12,2.09,1105.24,4.84,1.66,1.73,368.47,3696.8,36357.34
284.85,269.02,14.99,6.35,3.25,727.52,3.42,1.45,1.28,281.27,4266.98,80907.97
134.06,260.39,96.58,5.12,4.52,899.46,5.84,1.51,1.44,312.14,3350.68,45435.15
199.61,478.82,4.23,5.17,2.83,763.67,4.99,1.32,1.43,159.3,3193.93,29284.28
80.2,173.01,95.43,7.13,3.83,635.85,3.32,1.76,1.46,385.47,4779.34,82368.69
210.47,354.73,35.62,19.21,3.41,1658.15,3.7,1.07,1.95,194.12,2770.36,29171.2
263.31,162.43,83.4,7.1,4.55,1959.55,3.49,1.85,1.31,153.47,4436.73,52281.82
164.67,226.45,38.31,18.07,2.45,2403.21,5.84,1.22,1.18,358.8,2571.04,20349.92
136.62,418.93,79.93,7.0,1.44,2344.19,5.25,1.88,1.77,228.66,4033.82,49744.24
129.92,478.06,41.97,19.72,2.4,2343.45,5.8,1.36,1.8,229.92,4670.1,56009.94
242.47,360.14,22.78,7.99,2.7,2010.99,4.82,2.03,1.28,244.43,1177.58,85402.59
297.73,333.1,1.1,7.55,3.61,1724.16,5.36,1.38,1.76,306.4,2291.26,63639.05
108.14,353.65,88.12,11.32,4.36,1680.51,3.58,1.87,1.51,219.59,1478.52,53336.69
91.37,194.45,41.59,9.58,4.7,1251.41,5.27,1.8,1.7,178.03,4767.62,62407.08
262.05,314.27,10.02,15.11,1.03,1450.59,3.58,1.94,1.98,239.32,4269.99,60622.73
186.56,568.69,89.0,16.79,2.19,1590.02,3.67,1.67,1.48,349.49,4584.11,53169.6
78.98,537.8,17.43,14.33,1.1,1299.01,5.96,1.15,1.42,192.14,4620.35,89547.21
128.48,186.53,62.71,10.05,3.69,564.24,3.4,2.03,1.21,357.28,1234.36,37238.56
299.68,344.88,70.3,7.74,3.44,1952.21,3.94,2.24,1.6,216.74,3230.57,66140.87
112.25,331.23,34.34,11.01,4.04,1465.08,5.82,1.44,1.42,336.09,3184.1,63762.25
87.0,329.37,27.07,19.99,2.23,2268.99,5.03,1.51,1.54,352.16,4533.47,32831.51
151.4,300.85,4.2,13.97,4.42,1263.15,5.22,1.94,1.38,142.32,3837.3,88365.21
229.32,158.05,21.62,6.04,3.28,2012.96,3.33,2.26,1.56,306.99,4885.61,26694.48
277.78,206.75,39.3,17.77,4.63,1512.74,4.78,2.06,1.83,136.45,4240.28,58502.09
176.39,340.75,50.92,19.18,3.19,2406.36,3.54,2.09,1.81,303.74,3427.69,65185.02
268.71,519.74,12.23,17.73,2.66,1007.39,5.61,1.65,1.81,179.02,1015.72,59636.74
97.55,489.47,27.61,11.65,1.35,1073.32,5.34,1.23,1.65,375.23,3719.35,84881.74
99.52,262.83,89.45,15.73,3.56,1827.53,4.24,1.07,1.78,303.61,2891.22,91980.77
150.64,282.44,87.28,16.95,3.06,761.47,3.65,1.98,1.39,350.94,4799.82,84450.95
159.95,504.91,35.14,7.51,1.13,1271.43,5.71,1.36,1.21,390.95,1100.02,82862.57
147.31,166.87,91.78,7.09,3.21,1048.11,3.2,1.07,1.12,121.41,4042.23,58845.3
152.15,338.27,92.89,18.66,3.86,2269.36,3.96,1.57,1.61,287.09,2926.8,52052.63
296.89,519.51,43.5,15.91,2.08,700.34,4.06,1.6,1.02,344.44,2436.77,66433.45
91.64,228.75,88.97,14.13,4.8,2497.5,4.12,1.45,1.86,399.58,3518.56,83611.26
250.89,309.9,57.43,17.5,3.75,542.33,4.01,1.22,1.23,371.65,1147.57,37584.06
144.65,427.6,53.41,8.27,1.66,973.6,4.51,1.41,1.95,239.16,1235.18,78341.31
148.99,444.07,27.96,13.56,4.09,2356.02,3.78,1.5,1.46,378.15,4605.55,27190.26
104.68,372.98,10.66,10.18,1.59,1772.08,5.85,2.5,1.38,279.7,4425.07,29396.97
230.15,333.98,20.61,11.04,1.3,1890.81,3.76,1.47,1.12,359.4,2973.78,65771.75
203.12,334.72,19.25,16.18,1.51,707.75,5.13,1.31,1.31,242.57,2797.41,76686.33
215.27,439.98,71.41,9.39,2.29,1376.0,3.92,2.48,1.81,149.4,1022.38,23422.66
129.91,201.43,53.33,17.87,3.95,931.22,4.2,1.76,1.81,351.74,4638.87,60739.62
231.21,200.31,56.53,8.73,2.73,1768.1,3.77,1.08,1.01,106.65,1033.4,28828.4
128.88,249.55,98.68,9.59,1.51,1591.13,5.57,2.02,1.3,268.48,3859.42,78248.36
224.97,541.86,87.01,13.68,2.72,1783.14,5.45,1.01,1.99,154.87,2881.0,89762.38
125.63,364.56,13.26,10.93,1.71,1227.26,4.12,2.49,1.99,134.44,3903.88,24139.64
81.79,197.4,96.55,19.11,1.78,823.34,3.72,1.77,1.57,166.48,4026.49,44764.25
282.48,445.53,43.64,16.85,4.27,1080.96,4.02,2.4,1.16,112.65,2816.22,84096.79
248.63,563.79,53.32,6.5,3.35,2056.79,3.28,1.26,1.01,278.1,4546.94,73653.07
295.96,178.37,90.3,17.21,2.26,2447.05,3.86,2.33,1.88,327.3,3253.88,29600.22
194.69,310.56,79.22,16.37,4.64,529.66,5.43,2.41,1.79,139.06,1325.12,21667.62
216.47,433.35,98.69,10.97,2.33,1748.85,5.48,2.41,1.8,228.0,3539.66,88503.95
185.39,247.51,16.97,5.0,3.87,722.19,3.73,1.45,1.56,219.39,3698.7,24451.09
102.89,374.65,33.7,9.44,1.27,2291.44,5.08,1.18,1.07,392.46,3724.69,53396.49
232.89,490.35,78.0,12.17,2.72,522.06,5.78,1.9,1.2,375.88,4659.73,99134.73
271.66,599.0,24.47,17.63,4.29,961.88,3.3,2.47,1.3,361.27,1016.51,21681.98
179.82,257.42,68.98,13.48,1.31,825.26,4.16,1.28,1.79,224.82,1373.73,58747.43
95.44,208.02,23.96,17.89,4.7,2152.52,4.0,1.41,1.55,316.56,4973.49,30525.66
86.09,462.46,83.22,17.7,3.71,2408.03,4.53,2.37,1.97,354.15,2239.03,35697.25
198.33,353.86,87.78,6.5,2.03,2003.6,3.28,1.48,1.39,286.78,1632.53,88848.36
175.7,562.66,46.79,9.13,1.57,507.49,4.6,1.16,1.39,276.78,2102.74,34017.94
249.31,576.06,10.04,7.33,4.84,575.57,5.93,1.01,1.87,192.2,4754.36,45355.62
